강의구분,수강학년,과목코드,과목명,교수명,수업시간,학점,,,수강인원,수강정원,강의평점
교양선택,전학년,3810046-01,살빼기 운동과 영양조절,,,3,,,25,100,3.5
교양선택,전학년,3810052-01,생활과 화학,,,3,,,7,100,0
교양선택,전학년,3810053-01,생활속에서 배우는 스페인어,,,3,,,2,100,0
교양선택,전학년,3810056-01,생활일본어,,,3,,,22,100,5
교양선택,전학년,3810071-01,실크로드를 따라서,,,3,,,4,100,0
교양선택,전학년,3810086-01,영화속의 법률사례,,,3,,,1,100,3
교양선택,전학년,3810093-01,인간과 운동,,,3,,,0,100,0
교양선택,전학년,3810196-01,광고와 카피,,,3,,,0,100,0
교양선택,전학년,3810204-01,몸매만들기와 보디빌딩,,,3,,,10,100,5
교양선택,전학년,3810217-01,성과 일상,,,3,,,0,100,0
교양선택,전학년,3810233-01,인간의 행동과 의식,,,3,,,0,100,0
교양선택,전학년,3810241-01,임상여성학,,,3,,,0,100,0
교양선택,전학년,3810255-01,테마로보는 유럽문화기행,,,3,,,0,100,0
교양선택,전학년,3810280-01,생활속의 안전,,,3,,,1,100,0
교양선택,전학년,3810283-01,식생활과건강,,,3,,,9,100,0
교양선택,전학년,3810301-01,힌두교와 인도문화,,,3,,,0,100,0
교양선택,전학년,3810302-01,C프로그래밍,,,3,,,2,100,0
교양선택,전학년,3810357-01,영어발음연습,,,3,,,0,100,0
교양선택,전학년,3810359-01,영화읽기,,,3,,,0,100,0
교양선택,전학년,3810374-01,호신술과자기방어,,,3,,,2,100,0
교양선택,전학년,3810410-01,문학과테마기행,,,3,,,0,100,0
교양선택,전학년,3810422-01,피부와생활건강,,,3,,,1,100,0
교양선택,전학년,3810448-01,푸드코디네이션개론,,,3,,,1,100,0
교양선택,전학년,3810464-01,건강다이어트요법,,,3,,,0,100,0
교양선택,전학년,3810468-01,범죄와범죄심리,,,3,,,5,100,0
교양선택,전학년,3810469-01,사례로배우는생활마케팅,,,3,,,3,100,0
교양선택,전학년,3810474-01,운동처방실제,,,3,,,0,100,0
교양선택,전학년,3810483-01,경찰과사회,,,3,,,1,100,0
교양선택,전학년,3810505-01,명상과마음경영,,,3,,,0,100,0
교양선택,전학년,3810506-01,뮤지컬영화감상과이해,,,3,,,2,100,0
교양선택,전학년,3810512-01,전통한옥의아름다움,,,3,,,0,100,0
교양선택,전학년,3810519-01,영화속와인이야기,,,3,,,2,100,0
교양선택,전학년,3810525-01,문화콘텐츠경영전략과사례,,,3,,,1,100,0
교양선택,전학년,3810534-01,테마가든과파티장식,,,3,,,0,100,0
교양선택,전학년,3810542-01,현대사회와회계,,,3,,,0,100,0
교양선택,전학년,3810552-01,생활속의심리학,,,3,,,1,100,5
교양선택,전학년,3810554-01,인문학과자기경영의만남,,,3,,,1,100,0
교양선택,전학년,3810557-01,지중해문화산책,,,3,,,0,100,0
교양선택,전학년,3810558-01,컴퓨터보안과활용,,,3,,,1,100,0
교양선택,전학년,3810562-01,한일관계의이해,,,3,,,0,100,0
교양선택,전학년,3810574-01,마음을 읽어주는 미술치료,,,3,,,28,100,0
교양선택,전학년,3810603-01,교양한자,,,3,,,1,100,0
교양선택,전학년,3810610-01,인간심리의이해,,,3,,,4,100,0
교양선택,전학년,3810615-01,문화콘텐츠와창의성,,,3,,,0,100,0
교양선택,전학년,3810623-01,생활속의수학,,,3,,,5,100,0
교양선택,전학년,3810626-01,C언어및실습,,,3,,,0,100,0
교양선택,전학년,3810633-01,항공우주학개론,,,3,,,0,100,0
교양선택,전학년,3810635-01,취업성공전략,,,3,,,0,100,0
교양선택,전학년,3810638-01,도시문화와디자인,,,3,,,1,100,0
교양선택,전학년,3810645-01,민법총칙,,,3,,,1,100,0
교양선택,전학년,3810646-01,TED로 배우는 영화 속 바이오 테크놀로지,,,3,,,51,100,0
교양선택,전학년,3810658-01,창의적 문제해결 TRIZ기본,,,3,,,0,100,0
교양선택,전학년,3810659-01,일본문화바로알기,,,3,,,2,100,0
교양선택,전학년,3810665-01,취업준비의 정석과 차별화,,,3,,,0,100,0
교양선택,전학년,3810674-01,인문학의 이해,,,3,,,0,100,0
교양선택,전학년,3810676-01,대학생핵심역량의 이해,,,3,,,0,100,0
교양선택,전학년,3810679-01,잊을수없는6.25전쟁사,,,3,,,0,100,0
교양선택,전학년,3810686-01,세상을바꾸는아름다운수학,,,3,,,0,100,0
교양선택,전학년,3810688-01,한국 이민의 역사와 문화 이야기,,,3,,,0,100,0
교양선택,전학년,3810689-01,현대음악의 이해,,,3,,,0,100,0
교양선택,전학년,3810691-01,문학과 상상력,,,3,,,0,100,0
교양선택,전학년,3810693-01,글로벌시장과비즈니스이해,,,3,,,0,100,0
교양선택,전학년,3810694-01,리더십개발프로그램및평가,,,3,,,0,100,0
교양선택,전학년,3810696-01,서양미술사,,,3,,,0,100,0
교양선택,전학년,3810697-01,글로벌무역실무,,,3,,,0,100,0
교양선택,전학년,3810698-01,생활속의경찰,,,3,,,0,100,0
교양선택,전학년,3810702-01,독일철학의이해,,,3,,,2,100,0
교양선택,전학년,3810705-01,사물인터넷이해,,,3,,,0,100,0
교양선택,전학년,3810707-01,100세시대를위한운동과영양,,,3,,,0,100,0
교양선택,전학년,3810709-01,모두의인공지능,,,3,,,0,100,0
교양선택,전학년,3810710-01,4차산업혁명기술과자동차이야기,,,3,,,0,100,0
교양선택,전학년,3810711-01,제4차산업혁명과자기경영,,,3,,,0,100,0
교양선택,전학년,3810714-01,초심자의무역용어이해,,,3,,,0,100,0
교양선택,전학년,3810715-01,컴퓨팅사고력기르기,,,3,,,5,100,0
교양선택,전학년,3810721-01,TED로 배우는 비즈니스 트렌드,,,3,,,2,100,0
교양선택,전학년,3810722-01,영화로배우는영어,,,3,,,0,100,0
교양선택,전학년,3810723-01,쉽게배우는중국어,,,3,,,0,100,0
교양선택,전학년,3810724-01,e스포츠의세계,,,3,,,1,100,0
교양선택,전학년,3810725-01,미디어와사용자경험마케팅,,,3,,,0,100,0
교양선택,전학년,3810727-01,영어스토리텔링의실제,,,3,,,0,100,0
교양선택,전학년,3810728-01,세계의명화와사상,,,3,,,1,100,0
교양선택,전학년,3810731-01,미래정보기술의이해,,,3,,,0,100,0
교양선택,전학년,3810734-01,생활속의장애공감이야기,,,3,,,0,100,0
교양선택,전학년,3810735-01,나를찾는행복레슨,,,3,,,0,100,0
교양선택,전학년,3810737-01,초급영어번역,,,3,,,0,100,0
교양선택,전학년,3810738-01,기초워드문서작성법,,,3,,,0,100,0
교양선택,전학년,3810739-01,파이썬실무활용,,,3,,,0,100,0
교양선택,전학년,3810741-01,글로벌비즈니스취업과성장,,,3,,,0,100,0
교양선택,전학년,3810742-01,스포츠와사회,,,3,,,0,100,0
교양선택,전학년,3820010-01,교육학개론,,,3,,,2,100,0
교양선택,전학년,3820016-01,다국적 기업과 글로벌라이제이션,,,3,,,1,100,0
교양선택,전학년,3820028-01,미국문화와 실용영어,,,3,,,1,100,0
교양선택,전학년,3820057-01,예제로 배우는 C언어,,,3,,,2,100,0
교양선택,전학년,3820094-01,현대 일본어 문법,,,3,,,1,100,0
교양선택,전학년,3820136-01,형사소송법,,,3,,,1,100,0
교양선택,전학년,3820192-01,태국의 역사문화 기행,,,3,,,0,100,0
교양선택,전학년,3820252-01,영화로배우는자연재해,,,3,,,0,100,0
교양선택,전학년,3820261-01,고사성어와명언명구,,,3,,,0,100,0
교양선택,전학년,0913001-01,ACTION ENGLISH(영어Ⅱ),트리쉬케루스,"화01 ,02 목01 ,02 [N7-114]",3,,,39,45,4.68
교양선택,전학년,0913002-01,영어읽기와 토론(영어Ⅰ),이강영,"월03 ,04 목03 ,04 [N14-108(56-108)]",3,,,7,1,1.8
교양선택,전학년,0913001-02,ACTION ENGLISH(영어Ⅱ),트리쉬케루스,"화03 ,04 목03 ,04 [N7-114]",3,,,44,45,4.66
교양선택,전학년,0913002-02,영어읽기와 토론(영어Ⅰ),트리쉬케루스,"수01 ,02 금01 ,02 [N14-703(56-703)]",3,,,33,45,4.31
교양선택,전학년,0913001-03,ACTION ENGLISH(영어Ⅱ),벤자민조엘마크,"월01 ,02 수01 ,02 [N7-303]",3,,,36,45,4.81
교양선택,전학년,0913002-03,영어읽기와 토론(영어Ⅰ),허선민,"수03 ,04 금03 ,04 [N14-704(56-704)]",3,,,40,45,5
교양선택,전학년,0913001-04,ACTION ENGLISH(영어Ⅱ),벤자민조엘마크,"월03 ,04 수03 ,04 [N7-303]",3,,,41,45,4.83
교양선택,전학년,0913002-04,영어읽기와 토론(영어Ⅰ),벤자민조엘마크,"화01 ,02 목01 ,02 [N7-407]",3,,,42,45,4.7
교양선택,전학년,0913001-05,ACTION ENGLISH(영어Ⅱ),피터 맥 고완,"월01 ,02 목01 ,02 [N14-208(56-208)]",3,,,36,45,3.64
교양선택,전학년,0913002-05,영어읽기와 토론(영어Ⅰ),벤자민조엘마크,"화03 ,04 목03 ,04 [N7-407]",3,,,42,45,4.71
교양선택,전학년,0913001-06,ACTION ENGLISH(영어Ⅱ),피터 맥 고완,"월03 ,04 목03 ,04 [N14-208(56-208)]",3,,,39,45,3.64
교양선택,전학년,0913002-06,영어읽기와 토론(영어Ⅰ),피터 맥 고완,"화01 ,02 금01 ,02 [N14-208(56-208)]",3,,,33,45,2.71
교양선택,전학년,0913001-07,ACTION ENGLISH(영어Ⅱ),헤이즐 로버츠,"화01 ,02 목01 ,02 [N14-207(56-207)]",3,,,41,45,4.78
교양선택,전학년,0913002-07,영어읽기와 토론(영어Ⅰ),피터 맥 고완,"화03 ,04 금03 ,04 [N14-208(56-208)]",3,,,38,45,2.65
교양선택,전학년,0913001-08,ACTION ENGLISH(영어Ⅱ),헤이즐 로버츠,"화03 ,04 목03 ,04 [N14-704(56-704)]",3,,,43,45,4.71
교양선택,전학년,0913002-08,영어읽기와 토론(영어Ⅰ),헤이즐 로버츠,"수01 ,02 금01 ,02 [N7-114]",3,,,37,45,4.57
교양선택,전학년,0913001-09,ACTION ENGLISH(영어Ⅱ),크리스토퍼 폴리아스코,"월05 ,06 수05 ,06 [N7-404]",3,,,42,45,0
교양선택,전학년,0913002-09,영어읽기와 토론(영어Ⅰ),헤이즐 로버츠,"수03 ,04 금03 ,04 [N7-114]",3,,,44,45,4.54
교양선택,전학년,0913001-10,ACTION ENGLISH(영어Ⅱ),크리스토퍼 폴리아스코,"월07 ,08 수07 ,08 [N7-404]",3,,,39,45,0
교양선택,전학년,0913002-10,영어읽기와 토론(영어Ⅰ),안지희,"화07 ,08 목07 ,08 [N14-703(56-703)]",3,,,44,45,4.79
교양선택,전학년,0913001-11,ACTION ENGLISH(영어Ⅱ),피터 맥 고완,"월05 ,06 금05 ,06 [N14-208(56-208)]",3,,,30,45,3.64
교양선택,전학년,0913002-11,영어읽기와 토론(영어Ⅰ),정혜인,"수07 ,08 금07 ,08 [N7-114]",3,,,34,45,4.8
교양선택,전학년,0913001-12,ACTION ENGLISH(영어Ⅱ),레이몬드 레브니악,"월07 ,08 목07 ,08 [N7-407]",3,,,32,45,4.89
교양선택,전학년,0913002-12,영어읽기와 토론(영어Ⅰ),레이몬드 레브니악,"화03 ,04 금03 ,04 [N7-404]",3,,,34,45,4.86
교양선택,전학년,0913001-13,ACTION ENGLISH(영어Ⅱ),프레드K.리벤버그,"화06 ,07 목05 ,06 [N14-208(56-208)]",3,,,41,45,4.28
교양선택,전학년,0913002-13,영어읽기와 토론(영어Ⅰ),레이몬드 레브니악,"화05 ,06 [N7-404] 금05 ,06 [N7-114]",3,,,36,45,4.85
교양선택,전학년,0913001-14,ACTION ENGLISH(영어Ⅱ),프레드K.리벤버그,"화08 ,09 목08 ,09 [N14-208(56-208)]",3,,,42,45,4.28
교양선택,전학년,0913002-14,영어읽기와 토론(영어Ⅰ),크리스토퍼 폴리아스코,"화03 ,04 목03 ,04 [N7-303]",3,,,34,45,0
교양선택,전학년,0913001-15,ACTION ENGLISH(영어Ⅱ),프레드K.리벤버그,"화11 ,12 목11 ,12 [N14-208(56-208)]",3,,,6,45,4.28
교양선택,전학년,0913002-15,영어읽기와 토론(영어Ⅰ),이강영,"월08 ,09 수08 ,09 [N14-207(56-207)]",3,,,24,45,1.8
교양선택,전학년,0913001-16,ACTION ENGLISH(영어Ⅱ),레이몬드 레브니악,"월03 ,04 [N7-114] 수03 ,04 [N7-407]",3,,,44,45,4.89
교양선택,전학년,0913002-16,영어읽기와 토론(영어Ⅰ),이강영,"화08 ,09 목08 ,09 [N14-207(56-207)]",3,,,30,45,1.8
교양선택,전학년,0913001-17,ACTION ENGLISH(영어Ⅱ),레이몬드 레브니악,"월05 ,06 [N7-114] 수05 ,06 [N7-407]",3,,,40,45,4.9
교양선택,전학년,0913002-17,영어읽기와 토론(영어Ⅰ),정혜인,"수03 ,04 금03 ,04 [N14-703(56-703)]",3,,,33,45,4.8
교양선택,전학년,0913001-18,ACTION ENGLISH(영어Ⅱ),벤자민조엘마크,"월06 ,07 수06 ,07 [N7-303]",3,,,33,45,4.8
교양선택,전학년,0913002-18,영어읽기와 토론(영어Ⅰ),벤자민조엘마크,"화08 ,09 목08 ,09 [N7-303]",3,,,41,45,4.7
교양선택,전학년,0913001-19,ACTION ENGLISH(영어Ⅱ),크리스토퍼 폴리아스코,"화05 ,06 목05 ,06 [N7-303]",3,,,27,45,0
교양선택,전학년,0913002-19,영어읽기와 토론(영어Ⅰ),트리쉬케루스,"화08 ,09 목08 ,09 [N7-114]",3,,,38,45,4.25
교양선택,전학년,0913001-20,ACTION ENGLISH(영어Ⅱ),허선민,"수01 ,02 [N14-704(56-704)] 목05 ,06 [N14-703(56-703)]",3,,,35,45,4.68
교양선택,전학년,0913002-20,영어읽기와 토론(영어Ⅰ),프레드K.리벤버그,"월03 ,04 [N7-407] 수03 ,04 [N14-109(56-109)]",3,,,39,45,4.35
교양선택,전학년,0913001-21,ACTION ENGLISH(영어Ⅱ),헤이즐 로버츠,"수05 ,06 [N7-114] 목05 ,06 [N14-704(56-704)]",3,,,34,45,4.78
교양선택,전학년,0913002-21,영어읽기와 토론(영어Ⅰ),강선자,"수07 ,08 금03 ,04 [N16-1-123(58-123)]",3,,,38,45,4.42
교양선택,전학년,0913001-22,ACTION ENGLISH(영어Ⅱ),레이몬드 레브니악,"화01 ,02 금01 ,02 [N7-404]",3,,,43,45,4.89
교양선택,전학년,0913001-23,ACTION ENGLISH(영어Ⅱ),프레드K.리벤버그,"월01 ,02 [N7-114] 수05 ,06 [N14-703(56-703)]",3,,,31,45,4.28
교양선택,전학년,0913001-24,ACTION ENGLISH(영어Ⅱ),크리스토퍼 폴리아스코,"화01 ,02 목01 ,02 [N7-303]",3,,,30,45,0
교양선택,전학년,0913001-25,ACTION ENGLISH(영어Ⅱ),허선민,"화01 ,02 목01 ,02 [N14-703(56-703)]",3,,,34,45,4.67
교양선택,전학년,0913001-26,ACTION ENGLISH(영어Ⅱ),트리쉬케루스,"화05 ,06 목05 ,06 [N7-114]",3,,,36,45,4.59
교양선택,전학년,0912001-01,대학 글쓰기,전계영,"월02 ,03 ,04 [N14-207(56-207)]",3,,,38,45,4.45
교양선택,전학년,0912002-01,글쓰기와 발표,김혜정,"월02 ,03 ,04 [N7-404]",3,,,39,45,3.87
교양선택,전학년,0912001-02,대학 글쓰기,김은일,"월02 ,03 ,04 [N14-703(56-703)]",3,,,34,45,4.22
교양선택,전학년,0912002-02,글쓰기와 발표,김혜정,"월07 ,08 ,09 [N14-105(56-105)]",3,,,38,45,3.92
교양선택,전학년,0912001-03,대학 글쓰기,오영록,"월07 ,08 ,09 [N14-208(56-208)]",3,,,52,45,4.68
교양선택,전학년,0912002-03,글쓰기와 발표,마희정,"화01 ,02 ,03 [N14-109(56-109)]",3,,,34,45,3.24
교양선택,전학년,0912001-04,대학 글쓰기,윤예영,"월07 ,08 ,09 [N13-403(59-403)]",3,,,44,45,4.57
교양선택,전학년,0912002-04,글쓰기와 발표,마희정,"화07 ,08 ,09 [N7-404]",3,,,39,45,3.24
교양선택,전학년,0912001-05,대학 글쓰기,윤예영,"화07 ,08 ,09 [N13-403(59-403)]",3,,,45,45,4.5
교양선택,전학년,0912002-05,글쓰기와 발표,김보현,"화07 ,08 ,09 [N15-245(57-245)]",3,,,41,45,3.04
교양선택,전학년,0912001-06,대학 글쓰기,이혜정,"화04 ,05 ,06 [N14-109(56-109)]",3,,,43,45,3.82
교양선택,전학년,0912002-06,글쓰기와 발표,이지원,"수05 ,06 ,07 [N14-104(56-104)]",3,,,37,45,5
교양선택,전학년,0912001-07,대학 글쓰기,오영록,"화07 ,08 ,09 [N14-204(56-204)]",3,,,53,45,4.71
교양선택,전학년,0912002-07,글쓰기와 발표,김보현,"수07 ,08 ,09 [N13-101(59-101)]",3,,,41,45,3.04
교양선택,전학년,0912001-08,대학 글쓰기,방상호,"화07 ,08 ,09 [N13-304(59-304)]",3,,,44,45,3.44
교양선택,전학년,0912002-08,글쓰기와 발표,김정선,"수07 ,08 ,09 [N13-304(59-304)]",3,,,33,45,3.71
교양선택,전학년,0912001-09,대학 글쓰기,이익성,"수01 ,02 ,03 [N14-108(56-108)]",3,,,38,45,0
교양선택,전학년,0912002-09,글쓰기와 발표,이지원,"목04 ,05 ,06 [N13-101(59-101)]",3,,,44,45,4.67
교양선택,전학년,0912001-10,대학 글쓰기,정효구,"수04 ,05 ,06 [N14-108(56-108)]",3,,,37,45,0
교양선택,전학년,0912002-10,글쓰기와 발표,이지원,"목07 ,08 ,09 [N13-101(59-101)]",3,,,40,45,5
교양선택,전학년,0912001-11,대학 글쓰기,전계영,"금01 ,02 ,03 [N14-104(56-104)]",3,,,38,45,4.46
교양선택,전학년,0912002-11,글쓰기와 발표,김보현,"목04 ,05 ,06 [N16-1-329(58-329)]",3,,,34,45,3.09
교양선택,전학년,0912001-12,대학 글쓰기,홍진옥,"수07 ,08 ,09 [N14-204(56-204)]",3,,,47,45,3.7
교양선택,전학년,0912002-12,글쓰기와 발표,이은경,"수07 ,08 ,09 [N13-403(59-403)]",3,,,41,45,2.6
교양선택,전학년,0912001-13,대학 글쓰기,김용남,"목01 ,02 ,03 [N13-304(59-304)]",3,,,47,45,4.59
교양선택,전학년,0912002-13,글쓰기와 발표,김정선,"월07 ,08 ,09 [N16-1-329(58-329)]",3,,,41,45,3.72
교양선택,전학년,0912001-14,대학 글쓰기,이향애,"목04 ,05 ,06 [N13-304(59-304)]",3,,,44,45,4.3
교양선택,전학년,0912002-14,글쓰기와 발표,이은경,"목07 ,08 ,09 [N13-403(59-403)]",3,,,43,45,2.76
교양선택,전학년,0912001-15,대학 글쓰기,이혜정,"목04 ,05 ,06 [N13-403(59-403)]",3,,,39,45,3.82
교양선택,전학년,0912001-16,대학 글쓰기,이향애,"금02 ,03 ,04 [N13-304(59-304)]",3,,,40,45,4.3
교양선택,전학년,0912001-17,대학 글쓰기,김은일,"금02 ,03 ,04 [N14-204(56-204)]",3,,,42,45,4.21
교양선택,전학년,0912001-18,대학 글쓰기,방상호,"월07 ,08 ,09 [N14-704(56-704)]",3,,,36,45,3.52
교양선택,전학년,0912001-19,대학 글쓰기,김용남,"화01 ,02 ,03 [N13-104(59-104)]",3,,,47,45,4.62
교양선택,전학년,0912001-20,대학 글쓰기,홍진옥,"화07 ,08 ,09 [N13-104(59-104)]",3,,,35,45,3.7
교양선택,전학년,0912001-21,대학 글쓰기,김보현,"수01 ,02 ,03 [N16-1-329(58-329)]",3,,,41,45,3.6
교양선택,전학년,0912001-22,대학 글쓰기,이상희,"화05 ,06 ,07 [N14-207(56-207)]",3,,,41,45,4.05
교양선택,전학년,0912001-23,대학 글쓰기,이상희,"목01 ,02 ,03 [N13-403(59-403)]",3,,,37,45,4.05
교양선택,전학년,0912001-24,대학 글쓰기,장충덕,"목07 ,08 ,09 [N13-304(59-304)]",3,,,44,45,4.07
교양선택,전학년,0912001-25,대학 글쓰기,이지원,"금02 ,03 ,04 [N7-303]",3,,,40,45,4.35
교양선택,전학년,0912001-26,대학 글쓰기,마희정,"토01 ,02 ,03 [N14-104(56-104)]",3,,,7,45,3.07
교양선택,전학년,0912001-27,대학 글쓰기,이익성,"화01 ,02 ,03 [N13-304(59-304)]",3,,,34,45,0
교양선택,전학년,0912001-28,대학 글쓰기,마희정,"금05 ,06 ,07 [N14-204(56-204)]",3,,,3,45,3.07
교양선택,전학년,0911001-01,역사와 비판적 사고,김다솜,"월02 ,03 ,04 [N13-104(59-104)]",3,,,35,45,0
교양선택,전학년,0911002-01,차이와 비판적 사고,황은영,"월02 ,03 ,04 [N14-109(56-109)]",3,,,49,45,0
교양선택,전학년,0911001-02,역사와 비판적 사고,이상화,"월06 ,07 ,08 [N14-109(56-109)]",3,,,33,45,4
교양선택,전학년,0911002-02,차이와 비판적 사고,박정연,"월06 ,07 ,08 [N13-104(59-104)]",3,,,42,45,2.62
교양선택,전학년,0911001-03,역사와 비판적 사고,이수진,"화04 ,05 ,06 [N14-108(56-108)]",3,,,37,45,4.3
교양선택,전학년,0911002-03,차이와 비판적 사고,이상화,"화01 ,02 ,03 [N14-108(56-108)]",3,,,50,45,4.24
교양선택,전학년,0911001-04,역사와 비판적 사고,이상화,"화07 ,08 ,09 [N14-108(56-108)]",3,,,44,45,4
교양선택,전학년,0911002-04,차이와 비판적 사고,양희진,"수01 ,02 ,03 [N13-104(59-104)]",3,,,45,45,3.82
교양선택,전학년,0911001-05,역사와 비판적 사고,이상화,"수01 ,02 ,03 [N14-207(56-207)]",3,,,45,45,4
교양선택,전학년,0911002-05,차이와 비판적 사고,서대원,"화07 ,08 ,09 [N14-109(56-109)]",3,,,29,45,2.46
교양선택,전학년,0911001-06,역사와 비판적 사고,김동수,"수07 ,08 ,09 [N14-703(56-703)]",3,,,43,45,3.93
교양선택,전학년,0911002-06,차이와 비판적 사고,김동수,"수04 ,05 ,06 [N14-207(56-207)]",3,,,39,45,4.24
교양선택,전학년,0911001-07,역사와 비판적 사고,문안나,"금04 ,05 ,06 [N14-109(56-109)]",3,,,29,45,0
교양선택,전학년,0911002-07,차이와 비판적 사고,문안나,"목01 ,02 ,03 [N15-245(57-245)]",3,,,33,45,2.16
교양선택,전학년,0911001-08,역사와 비판적 사고,황은영,"목07 ,08 ,09 [N14-204(56-204)]",3,,,48,45,5
교양선택,전학년,0911002-08,차이와 비판적 사고,신은경,"금04 ,05 ,06 [N14-207(56-207)]",3,,,34,45,3.88
교양선택,전학년,0911001-09,역사와 비판적 사고,황은영,"목04 ,05 ,06 [E8-7-440(50-440)]",3,,,38,45,0
교양선택,전학년,0911002-09,차이와 비판적 사고,박승권,"목07 ,08 ,09 [N13-104(59-104)]",3,,,41,45,4.08
교양선택,전학년,0911001-10,역사와 비판적 사고,최원호,"수03 ,04 ,05 [N16-1-125(58-125)]",3,,,44,45,4.63
교양선택,전학년,0911002-10,차이와 비판적 사고,양희진,"수07 ,08 ,09 [N13-104(59-104)]",3,,,48,45,3.82
교양선택,전학년,0911001-11,역사와 비판적 사고,서대원,"수06 ,07 ,08 [N14-109(56-109)]",3,,,33,45,0
교양선택,전학년,0911002-11,차이와 비판적 사고,문안나,"금01 ,02 ,03 [N14-109(56-109)]",3,,,30,45,2.13
교양선택,전학년,0911001-12,역사와 비판적 사고,김다솜,"월05 ,06 ,07 [N14-108(56-108)]",3,,,39,45,0
교양선택,전학년,0911002-12,차이와 비판적 사고,최원호,"수07 ,08 ,09 [N16-1-125(58-125)]",3,,,54,45,4.67
교양선택,전학년,0911001-13,역사와 비판적 사고,박승권,"월07 ,08 ,09 [N13-304(59-304)]",3,,,42,45,4.07
교양선택,전학년,0911002-13,차이와 비판적 사고,박정연,"금01 ,02 ,03 [N13-104(59-104)]",3,,,27,45,2.64
교양선택,전학년,0911001-14,역사와 비판적 사고,박승권,"목04 ,05 ,06 [N13-104(59-104)]",3,,,40,45,4.12
교양선택,전학년,0911002-14,차이와 비판적 사고,박권수,"수07 ,08 ,09 [N14-108(56-108)]",3,,,31,45,3.11
교양선택,전학년,0911001-15,역사와 비판적 사고,양희진,"목07 ,08 ,09 [N14-109(56-109)]",3,,,42,45,3.7
교양선택,전학년,0911002-15,차이와 비판적 사고,박승권,"월02 ,03 ,04 [N14-102(56-102)]",3,,,41,45,4.11
교양선택,전학년,0911001-16,역사와 비판적 사고,양희진,"목04 ,05 ,06 [N14-207(56-207)]",3,,,39,45,3.7
교양선택,전학년,0911002-16,차이와 비판적 사고,이경희,"금05 ,06 ,07 [N15-245(57-245)]",3,,,36,45,3.33
교양선택,전학년,0911001-17,역사와 비판적 사고,문안나,"목07 ,08 ,09 [N14-704(56-704)]",3,,,34,45,0
교양선택,전학년,0911002-17,차이와 비판적 사고,조주영,"수07 ,08 ,09 [N7-407]",3,,,47,45,4.5
교양선택,전학년,0911002-18,차이와 비판적 사고,황은영,"금01 ,02 ,03 [N15-245(57-245)]",3,,,41,45,0
교양선택,전학년,0911002-19,차이와 비판적 사고,신은경,"금01 ,02 ,03 [N14-207(56-207)]",3,,,44,45,3.71
교양선택,전학년,0914001-01,컴퓨팅 사고력 기르기,신윤환,"월05 ,06 ,07 [N13-121(59-121)]",3,,,44,45,2.77
교양선택,전학년,0914002-01,기초컴퓨터프로그래밍,홍장의,"월06 ,07 [E9-271(학연271)] 수07 ,08 [E8-7-440(50-440)]",3,,,41,40,4.33
교양선택,전학년,0914006-01,정보기술 프로그래밍(Python 프로그래밍),이춘희,"월02 ,03 [E8-7-440(50-440)] 수01 ,02 [S2-102(32-102)]",3,,,35,40,0
교양선택,전학년,0914001-02,컴퓨팅 사고력 기르기,오명륜,"목06 ,07 ,08 [S21-4-246(92-246)]",3,,,39,45,4.25
교양선택,전학년,0914002-02,기초컴퓨터프로그래밍,이의종,"월06 ,07 [E9-241(학연241)] 수06 ,07 [E8-7-435(50-435)]",3,,,44,40,4
교양선택,전학년,0914006-02,정보기술 프로그래밍(Python 프로그래밍),구미숙,"월02 ,03 [E8-7-435(50-435)] 수06 ,07 [E9-241(학연241)]",3,,,45,40,0
교양선택,전학년,0914001-03,컴퓨팅 사고력 기르기,홍인숙,"수01 ,02 ,03 [E8-7-435(50-435)]",3,,,47,45,4.76
교양선택,전학년,0914002-03,기초컴퓨터프로그래밍,우선미,"화05 ,06 [E8-7-435(50-435)] 목08 ,09 [E9-271(학연271)]",3,,,40,40,4.21
교양선택,전학년,0914006-03,정보기술 프로그래밍(Python 프로그래밍),이춘희,"월05 ,06 [E8-7-141(50-141)] 수05 ,06 [S2-102(32-102)]",3,,,29,40,0
교양선택,전학년,0914001-04,컴퓨팅 사고력 기르기,오명륜,"금06 ,07 ,08 [E8-10-103(508-103)]",3,,,43,45,4.25
교양선택,전학년,0914002-04,기초컴퓨터프로그래밍,정광수,"화05 ,06 [S2-101(32-101)] 목01 ,02 [E8-7-440(50-440)]",3,,,30,40,0
교양선택,전학년,0914006-04,정보기술 프로그래밍(Python 프로그래밍),황영배,"월02 ,03 수02 ,03 [교육318]",3,,,39,40,0
교양선택,전학년,0914001-05,컴퓨팅 사고력 기르기,노창배,"화07 ,08 ,09 [S21-4-146(92-146)]",3,,,43,45,4.58
교양선택,전학년,0914002-05,기초컴퓨터프로그래밍,유재수,"월08 ,09 [E8-7-440(50-440)] 수08 ,09 [E9-241(학연241)]",3,,,39,40,4.6
교양선택,전학년,0914006-05,정보기술 프로그래밍(Python 프로그래밍),류관희,"월06 ,07 [E8-7-440(50-440)] 화02 ,03 [S2-101(32-101)]",3,,,30,40,0
교양선택,전학년,0914001-06,컴퓨팅 사고력 기르기,이상호,"월06 ,07 ,08 [E8-10-104(508-104)]",3,,,41,45,3.88
교양선택,전학년,0914002-06,기초컴퓨터프로그래밍,이의신,"월08 ,09 [E9-241(학연241)] 수08 ,09 [E8-7-435(50-435)]",3,,,33,40,3.91
교양선택,전학년,0914006-06,정보기술 프로그래밍(Python 프로그래밍),정광수,"월06 ,07 화02 ,03 [S2-102(32-102)]",3,,,33,40,0
교양선택,전학년,0914001-07,컴퓨팅 사고력 기르기,신윤환,"목01 ,02 ,03 [S20-101]",3,,,49,45,2.77
교양선택,전학년,0914002-07,기초컴퓨터프로그래밍,류성필,"월08 ,09 [E8-7-435(50-435)] 수08 ,09 [S2-102(32-102)]",3,,,39,40,4.5
교양선택,전학년,0914006-07,정보기술 프로그래밍(Python 프로그래밍),전중남,"금02 ,03 ,04 ,05 [E9-241(학연241)]",3,,,41,40,0
교양선택,전학년,0914001-08,컴퓨팅 사고력 기르기,오명륜,"목01 ,02 ,03 [S21-4-246(92-246)]",3,,,38,45,4.23
교양선택,전학년,0914002-08,기초컴퓨터프로그래밍,서영훈,"월06 ,07 [E8-1-316(44-316)] 수06 ,07 [E9-271(학연271)]",3,,,34,40,3.2
교양선택,전학년,0914006-08,정보기술 프로그래밍(Python 프로그래밍),노창배,"금02 ,03 ,04 ,05 [E9-271(학연271)]",3,,,42,40,0
교양선택,전학년,0914001-09,컴퓨팅 사고력 기르기,오명륜,"금01 ,02 ,03 [E8-10-103(508-103)]",3,,,40,45,4.23
교양선택,전학년,0914002-09,기초컴퓨터프로그래밍,우선미,"화07 ,08 [E8-7-435(50-435)] 목06 ,07 [E9-241(학연241)]",3,,,35,40,4.21
교양선택,전학년,0914006-09,정보기술 프로그래밍(Python 프로그래밍),신종호,"월06 ,07 ,08 ,09 [E8-8-206(51-206)]",3,,,32,40,0
교양선택,전학년,0914001-10,컴퓨팅 사고력 기르기,엄남경,"수05 ,06 ,07 [S20-101]",3,,,35,45,4.64
교양선택,전학년,0914002-10,기초컴퓨터프로그래밍,박미,"수01 ,02 ,03 ,04 [E9-271(학연271)]",3,,,35,40,2.6
교양선택,전학년,0914006-10,정보기술 프로그래밍(Python 프로그래밍),신종호,"화06 ,07 ,08 ,09 [E9-241(학연241)]",3,,,34,40,0
교양선택,전학년,0914001-11,컴퓨팅 사고력 기르기,홍인숙,"화01 ,02 ,03 [S21-4-246(92-246)]",3,,,43,45,4.73
교양선택,전학년,0914002-11,기초컴퓨터프로그래밍,구미숙,"수08 ,09 [E9-271(학연271)] 목08 ,09 [E8-7-435(50-435)]",3,,,33,40,4
교양선택,전학년,0914001-12,컴퓨팅 사고력 기르기,신미예,"화07 ,08 ,09 [S21-4-246(92-246)]",3,,,37,45,4.06
교양선택,전학년,0914002-12,기초컴퓨터프로그래밍,구미숙,"월05 ,06 [E8-7-435(50-435)] 목05 ,06 [E9-271(학연271)]",3,,,37,40,4
교양선택,전학년,0914001-13,컴퓨팅 사고력 기르기,엄남경,"월06 ,07 ,08 [S20-101]",3,,,35,45,4.64
교양선택,전학년,0914002-13,기초컴퓨터프로그래밍,이재성,"월06 ,07 [E8-7-235(50-235)] 화06 ,07 [S2-102(32-102)]",3,,,36,40,2.22
교양선택,전학년,0914001-14,컴퓨팅 사고력 기르기,엄남경,"월01 ,02 ,03 [S20-101]",3,,,42,45,4.69
교양선택,전학년,0914002-14,기초컴퓨터프로그래밍,정광수,"화07 ,08 [S2-101(32-101)] 목07 ,08 [E8-7-235(50-235)]",3,,,30,40,0
교양선택,전학년,0914001-15,컴퓨팅 사고력 기르기,엄남경,"수01 ,02 ,03 [N13-403(59-403)]",3,,,41,45,4.64
교양선택,전학년,0914002-15,기초컴퓨터프로그래밍,박미,"목01 ,02 ,03 ,04 [E9-241(학연241)]",3,,,37,40,2.6
교양선택,전학년,0914001-16,컴퓨팅 사고력 기르기,신미예,"수07 ,08 ,09 [S21-4-330(92-330)]",3,,,40,45,4.06
교양선택,전학년,0914002-16,기초컴퓨터프로그래밍,주영관,"수05 ,06 [E8-7-235(50-235)] 금05 ,06 [S2-101(32-101)]",3,,,31,40,3
교양선택,전학년,0914002-17,기초컴퓨터프로그래밍,이병훈,"화01 ,02 ,03 ,04 [E9-241(학연241)]",3,,,41,40,4.57
교양선택,전학년,0921001-01,과학글쓰기,이상희,"월06 ,07 ,08 [N16-1-123(58-123)]",3,,,8,40,5
교양선택,전학년,0921042-01,발표와 토론,이상희,"목06 ,07 ,08 [N14-103(56-103)]",3,,,11,40,3.86
교양선택,전학년,0921048-01,스토리텔링과 소통,백용식,"목07 ,08 ,09 [N16-1-127(58-127)]",3,,,5,80,4.18
교양선택,전학년,0932001-01,중국어 I,이상오,"수07 ,08 ,09 [N16-1-226(58-226)]",3,,,44,50,4.73
교양선택,전학년,0932002-01,중국어II,구교현,"화07 ,08 ,09 [N14-205(56-205)]",3,,,0,50,0
교양선택,전학년,0932003-01,독일어I,최도규,"월03 ,04 화03 [N16-1-259(58-259)]",3,,,40,40,4.39
교양선택,전학년,0932005-01,프랑스어I,"김대영, 이은미","화04 ,05 ,06 [N14-202(56-202)]",3,,,18,45,4.1
교양선택,전학년,0932006-01,프랑스어II,김대영,"금02 ,03 ,04 [N16-1-125(58-125)]",3,,,0,45,0
교양선택,전학년,0932007-01,러시아어I,김문황,"화01 ,02 ,03 [N16-1-123(58-123)]",3,,,41,40,4.33
교양선택,전학년,0932001-02,중국어 I,강주완,"목02 ,03 ,04 [N14-106(56-106)]",3,,,1,54,0
교양선택,전학년,0932003-02,독일어I,정수정,"수06 ,07 ,08 [N16-1-225(58-225)]",3,,,35,40,4.76
교양선택,전학년,0932005-02,프랑스어I,"김대영, 이은미","월06 ,07 수07 [N14-207(56-207)]",3,,,22,45,4.06
교양선택,전학년,0932001-03,중국어 I,김영기,"화02 ,03 ,04 [N14-205(56-205)]",3,,,1,50,0
교양선택,전학년,0932009-01,외국어로서의 한국어 I**,손자영,"월06 ,07 ,08 [N14-102(56-102)]",3,,,2,66,0
교양선택,전학년,0932010-01,외국어로서의 한국어 II**,유지연,"목02 ,03 ,04 [N13-103(59-103)]",3,,,3,50,0
교양선택,전학년,0932011-01,기초 한국어 회화**,지주연,"수02 ,03 ,04 [N14-701(56-701)]",3,,,4,54,0
교양선택,전학년,0932009-02,외국어로서의 한국어 I**,유지연,"화02 ,03 ,04 [N13-103(59-103)]",3,,,1,50,0
교양선택,전학년,0932010-02,외국어로서의 한국어 II**,손자영,"수06 ,07 ,08 [N14-102(56-102)]",3,,,3,66,0
교양선택,전학년,0923013-01,현대산업사회와환경문제,김광열,"월07 ,08 ,09 [E8-7-335(50-335)]",3,,,1,100,3.62
교양선택,전학년,0923014-01,나무문화그리고환경,한규성,"금01 ,02 ,03 [S20-101]",3,,,55,80,3.47
교양선택,전학년,0923016-01,인간과 기계문명,김연순,"수05 ,06 ,07 [N14-202(56-202)]",3,,,22,66,3.33
교양선택,전학년,0923017-01,문화로 즐기는 음식,김의환,"수06 ,07 ,08 [N14-201(56-201)]",3,,,18,55,1.98
교양선택,전학년,0923019-01,영화로 읽는 과학과 문화,박권수,"화07 ,08 ,09 [N14-702(56-702)]",3,,,40,54,3.28
교양선택,전학년,0923021-01,공학윤리와 역사,안재형,"수01 ,02 ,03 [E8-7-440(50-440)]",3,,,80,100,3.2
교양선택,전학년,0923022-01,서양문명과 전쟁기술,이찬행,"수06 ,07 ,08 [N14-107(56-107)]",3,,,59,54,4.65
교양선택,전학년,0923027-01,환경과 곤충산업의 이해,김재용,"화07 ,08 ,09 [E8-10-104(508-104)]",3,,,1,108,2.14
교양선택,전학년,0923030-01,환경과 그린에너지의 이해,김재용,"수07 ,08 ,09 [E8-10-104(508-104)]",3,,,6,108,3.83
교양선택,전학년,0931001-01,4차 산업혁명과 융합기술,안재형,"금01 ,02 ,03 [E8-7-235(50-235)]",3,,,72,80,4.23
교양선택,전학년,0931014-01,자동차공학기초(자동차공학과 산업의 이해),조정호,"월08 ,09 ,10 [E8-7-317(50-317)]",3,,,0,100,0
교양선택,전학년,0923013-02,현대산업사회와환경문제,정영도,"목01 ,02 ,03 [E8-10-103(508-103)]",3,,,89,100,4.4
교양선택,전학년,0923014-02,나무문화그리고환경,유진희,"수06 ,07 ,08 [S21-4-246(92-246)]",3,,,0,80,0
교양선택,전학년,0923017-02,문화로 즐기는 음식,이선희,"금02 ,03 ,04 [N14-201(56-201)]",3,,,60,55,4.23
교양선택,전학년,0923013-03,현대산업사회와환경문제,정영도,"목07 ,08 ,09 [E8-10-103(508-103)]",3,,,74,100,4.4
교양선택,전학년,0923013-04,현대산업사회와환경문제,윤여명,"수07 ,08 ,09 [E8-7-235(50-235)]",3,,,0,80,0
교양선택,전학년,0921003-01,문학의이해,권정우,"화06 ,07 ,08 [N16-1-123(58-123)]",3,,,9,80,3.5
교양선택,전학년,0921004-01,중국문화의이해,조현국,"월02 ,03 ,04 [N14-701(56-701)]",3,,,45,54,4.36
교양선택,전학년,0921005-01,독일과독일사람,박현정,"목06 ,07 ,08 [N16-1-260(58-260)]",3,,,11,40,3.45
교양선택,전학년,0921006-01,한자와한문,어강석,"수02 ,03 ,04 [N16-1-123(58-123)]",3,,,72,80,4.51
교양선택,전학년,0921007-01,러시아문학과예술의산책,김원한,"목02 ,03 ,04 [N16-1-127(58-127)]",3,,,74,80,4.33
교양선택,전학년,0921008-01,프랑스문화와예술기행,고봉만,"월07 ,08 ,09 [N14-104(56-104)]",3,,,81,90,4
교양선택,전학년,0921009-01,현대 한국소설과의 만남,박진숙,"목06 ,07 ,08 [N16-1-123(58-123)]",3,,,70,80,0
교양선택,전학년,0921010-01,독일예술문화산책,문광훈,"수07 ,08 ,09 [N16-1-258(58-258)]",3,,,14,40,3.5
교양선택,전학년,0921011-01,언어로의 초대,최성호,"화02 ,03 ,04 [N16-1-125(58-125)]",3,,,60,80,3.28
교양선택,전학년,0921012-01,한자와 동양문화,서대원,"목07 ,08 ,09 [N13-103(59-103)]",3,,,1,50,2
교양선택,전학년,0921013-01,사랑과 문화,"김경화, 안상원","수07 ,08 ,09 [N13-121(59-121)]",3,,,79,80,4.37
교양선택,전학년,0921014-01,한국 대중문화의 이해,김영미,"목06 ,07 ,08 [N14-108(56-108)]",3,,,2,90,0
교양선택,전학년,0921015-01,시 읽기와 마음 가꾸기,정효구,"목02 ,03 ,04 [N16-1-325(58-325)]",3,,,51,50,3.83
교양선택,전학년,0921016-01,만화 인문학,백용식,"월08 화08 ,09 [N13-121(59-121)]",3,,,74,80,4.28
교양선택,전학년,0921017-01,고전으로 읽는 한국의 문화코드,오세정,"화07 ,08 ,09 [N16-1-125(58-125)]",3,,,79,80,4.73
교양선택,전학년,0921018-01,현대 한국사회의 이해,이진숙,"화06 ,07 ,08 [N13-401(59-401)]",3,,,2,60,0
교양선택,전학년,0921020-01,한글맞춤법의 이론과 실제,장충덕,"화02 ,03 ,04 [N14-702(56-702)]",3,,,48,54,4.41
교양선택,전학년,0932012-01,글로벌 문화와 지역학,박미령,"수06 ,07 ,08 [N14-704(56-704)]",3,,,75,76,4.33
교양선택,전학년,0932013-01,글로벌 음식문화와 생활문화,이상오,"목07 ,08 ,09 [N14-205(56-205)]",3,,,53,50,4.84
교양선택,전학년,0932028-01,러시아 도시문화사,김태옥,"월06 ,07 ,08 [N14-206(56-206)]",3,,,37,50,4.05
교양선택,전학년,0921004-02,중국문화의이해,조현국,"금02 ,03 ,04 [N14-701(56-701)]",3,,,39,54,4.38
교양선택,전학년,0921008-02,프랑스문화와예술기행,곽노경,"화07 ,08 ,09 [N14-704(56-704)]",3,,,71,76,4.32
교양선택,전학년,0932013-02,글로벌 음식문화와 생활문화,구교현,"월05 ,06 ,07 [N14-205(56-205)]",3,,,48,50,3.89
교양선택,전학년,0921008-03,프랑스문화와예술기행,신명숙,"수06 ,07 ,08 [N14-208(56-208)]",3,,,70,70,4.33
교양선택,전학년,0921021-01,우리의선사문화,이진옥,"목06 ,07 ,08 [N13-502(59-502)]",3,,,37,50,4.44
교양선택,전학년,0921022-01,생활속의철학,김준열,"수02 ,03 ,04 [N14-208(56-208)]",3,,,10,90,3.33
교양선택,전학년,0921023-01,세계문화유산의 이해,윤진,"금01 ,02 ,03 [N16-1-127(58-127)]",3,,,100,100,4.59
교양선택,전학년,0921024-01,세계 미술문화재 탐구,박화선,"수02 ,03 ,04 [N16-1-222(58-222)]",3,,,65,70,3.93
교양선택,전학년,0921025-01,대중문화와 예술의 이해,윤석빈,"금02 ,03 ,04 [N16-1-329(58-329)]",3,,,61,80,2.55
교양선택,전학년,0921026-01,논리와 비판적 사고,박현숙,"목02 ,03 ,04 [S21-4-330(92-330)]",3,,,55,72,3.97
교양선택,전학년,0921027-01,행복의 철학,배기호,"목06 ,07 ,08 [S21-4-146(92-146)]",3,,,73,70,4.58
교양선택,전학년,0921028-01,과학과 철학,오희철,"월07 ,08 ,09 [N7-406]",3,,,1,73,0
교양선택,전학년,0921029-01,철학고전읽기,이경희,"월05 ,06 ,07 [S21-4-330(92-330)]",3,,,19,72,4
교양선택,전학년,0921030-01,사랑과 성의 철학,허준,"목02 ,03 ,04 [N7-406]",3,,,0,73,3.17
교양선택,전학년,0921031-01,한국고대문화 산책,장덕원,"목06 ,07 ,08 [N16-1-222(58-222)]",3,,,21,70,0
교양선택,전학년,0921041-01,인간과 동물,박권수,"목07 ,08 ,09 [N14-102(56-102)]",3,,,24,66,3.06
교양선택,전학년,0921043-01,영화 속의 철학,정세근,"월07 ,08 ,09 [N16-1-226(58-226)]",3,,,1,50,4
교양선택,전학년,0921049-01,불교가 묻고 내가 답한다,박보람,"토01 ,02 ,03 [가상강의실2]",3,,,44,50,4.41
교양선택,전학년,0921051-01,종교에 대한 바른 이해,김귀룡,"수06 ,07 ,08 [N14-103(56-103)]",3,,,1,48,0
교양선택,전학년,0921054-01,페미니즘과 철학,조주영,"수02 ,03 ,04 [N14-206(56-206)]",3,,,4,50,4.57
교양선택,전학년,0921056-01,문자로 읽는 아시아의 문화와 사상,"미지정, 박보람","토04 ,05 ,06 [가상강의실2]",3,,,41,50,5
교양선택,전학년,0922001-01,한국사의이해,"김영관, 선봉조","월01 ,02 ,03 [N16-1-127(58-127)]",3,,,96,100,4.61
교양선택,전학년,0922002-01,한국근현대사의이해,박걸순,"수01 ,02 ,03 [N16-1-127(58-127)]",3,,,36,80,3.22
교양선택,전학년,0922003-01,동양문화사,이평수,"월02 ,03 ,04 [N14-204(56-204)]",3,,,90,100,4.46
교양선택,전학년,0922004-01,서양문화사,윤진,"월07 ,08 ,09 [N16-1-127(58-127)]",3,,,94,100,4
교양선택,전학년,0922005-01,미디어를 통해 본 중국역사,김진,"목07 ,08 ,09 [N16-1-329(58-329)]",3,,,0,80,0
교양선택,전학년,0922006-01,역사학과 디지털 문화콘텐츠의 만남,유승희,"목02 ,03 ,04 [N16-1-125(58-125)]",3,,,64,80,3.61
교양선택,전학년,0922007-01,영상으로 보는 한국사,임형수,"목06 ,07 ,08 [N16-1-125(58-125)]",3,,,64,80,4.44
교양선택,전학년,0922008-01,역사와 스토리텔링,유승희,"목06 ,07 ,08 [N14-701(56-701)]",3,,,44,54,3.98
교양선택,전학년,0922011-01,교양 한국미술사,이종민,"목02 ,03 ,04 [N16-1-222(58-222)]",3,,,65,70,4.54
교양선택,전학년,0921022-02,생활속의철학,최천식,"화07 ,08 ,09 [S21-4-330(92-330)]",3,,,36,72,4.11
교양선택,전학년,0921023-02,세계문화유산의 이해,이상민,"목02 ,03 ,04 [N16-1-123(58-123)]",3,,,72,80,4.42
교양선택,전학년,0922001-02,한국사의이해,노용필,"화01 ,02 ,03 [N14-105(56-105)]",3,,,83,100,3.4
교양선택,전학년,0922003-02,동양문화사,유채원,"금04 ,05 ,06 [N16-1-127(58-127)]",3,,,12,100,3.93
교양선택,전학년,0922007-02,영상으로 보는 한국사,선봉조,"월05 ,06 ,07 [N14-107(56-107)]",3,,,52,54,4.7
교양선택,전학년,0921023-03,세계문화유산의 이해,정재균,"수06 ,07 ,08 [N14-106(56-106)]",3,,,54,54,4.42
교양선택,전학년,0922001-03,한국사의이해,박윤진,"화04 ,05 ,06 [N14-105(56-105)]",3,,,26,100,4.1
교양선택,전학년,0922007-03,영상으로 보는 한국사,노용필,"수01 ,02 ,03 [N14-105(56-105)]",3,,,87,100,3.8
교양선택,전학년,0921023-04,세계문화유산의 이해,김헌기,"화04 ,05 ,06 [N14-107(56-107)]",3,,,45,54,4.75
교양선택,전학년,0922001-04,한국사의이해,강민식,"목06 ,07 ,08 [N15-171(57-171)]",3,,,92,100,4.55
교양선택,전학년,0922007-04,영상으로 보는 한국사,박윤진,"화07 ,08 ,09 [N14-105(56-105)]",3,,,97,100,4.26
교양선택,전학년,0921023-05,세계문화유산의 이해,이선희,"토05 ,06 ,07 [S21-4-143(92-143)]",3,,,6,80,3.85
교양선택,전학년,0922007-05,영상으로 보는 한국사,전진국,"화02 ,03 ,04 [N14-701(56-701)]",3,,,40,54,3.81
교양선택,전학년,0922007-06,영상으로 보는 한국사,강민식,"수06 ,07 ,08 [N14-701(56-701)]",3,,,44,54,2.46
교양선택,전학년,0923025-01,신체활동과스트레스,김근수,"금01 ,02 ,03 [N18-112(64-112)]",3,,,20,60,0
교양선택,전학년,0923026-01,스포츠와건강,김현주,"화01 ,02 ,03 [N18-112(64-112)]",3,,,55,60,4.13
교양선택,전학년,0923038-01,S.M.A.R.T 스포츠,송주호,"수05 ,06 ,07 [N13-103(59-103)]",3,,,0,50,0
교양선택,전학년,0934002-01,미술의이론과감상,백다은,"월02 ,03 ,04 [N14-203(56-203)]",3,,,45,66,3.36
교양선택,전학년,0934003-01,음악의이론과감상,황순도,"화02 ,03 ,04 [N16-1-329(58-329)]",3,,,71,80,4.64
교양선택,전학년,0934004-01,연극영화의이론과감상,조만수,"수07 ,08 ,09 [N16-1-127(58-127)]",3,,,80,80,4.31
교양선택,전학년,0934005-01,음악과 인성,한수정,"수05 ,06 ,07 [N14-702(56-702)]",3,,,40,54,4.55
교양선택,전학년,0934003-02,음악의이론과감상,황순도,"화07 ,08 ,09 [N16-1-226(58-226)]",3,,,50,50,4.63
교양선택,전학년,0934004-02,연극영화의이론과감상,박인영,"화05 ,06 ,07 [N15-171(57-171)]",3,,,77,80,4.19
교양선택,전학년,0934003-03,음악의이론과감상,한수정,"수01 ,02 ,03 [N15-242(57-242)]",3,,,72,70,4.61
교양선택,전학년,0934004-03,연극영화의이론과감상,김주연,"월07 ,08 ,09 [N15-245(57-245)]",3,,,85,80,5
교양선택,전학년,0921033-01,다문화와 세계종교 기행,정세근,"토01 ,02 ,03 [가상강의실2]",3,,,40,50,4.21
교양선택,전학년,0921034-01,인간·상징·커뮤니케이션,안상원,"수03 ,04 ,05 [N14-106(56-106)]",3,,,46,50,4.88
교양선택,전학년,0921039-01,한국인의 삶과 행복,손경찬,"화06 ,07 ,08 [N18-112(64-112)]",3,,,29,166,0
교양선택,전학년,0921045-01,다문화 사회의 새로운 이해,김연순,"수02 ,03 ,04 [N14-107(56-107)]",3,,,0,54,3.31
교양선택,전학년,0921046-01,예술로 만나는 시민교육,최승현,"수08 ,09 ,10 [N18-110]",3,,,38,40,4.79
교양선택,전학년,0921047-01,갈등사회와 시민,손경원,"금02 ,03 ,04 [E1-2-331(81-331)]",3,,,0,80,0
교양선택,전학년,0921052-01,공간과 사회,윤현위,"월07 ,08 ,09 [E1-2-413(81-413)]",3,,,38,40,4.52
교양선택,전학년,0921055-01,교과서 밖의 심리학,"미지정, 안정광, 이우열, 정우현","월01 ,02 ,03 [가상강의실2]",3,,,67,80,0
교양선택,전학년,0921058-01,어른 심리여행 안내서,이새별,"수05 ,06 ,07 [N15-245(57-245)]",3,,,67,90,0
교양선택,전학년,0922012-01,일상생활의심리학,최해연,"화02 ,03 ,04 [N15-245(57-245)]",3,,,32,90,0
교양선택,전학년,0922013-01,행정학입문,김정숙,"월02 ,03 ,04 [N15-245(57-245)]",3,,,54,90,0
교양선택,전학년,0922014-01,생활과법,홍진희,"월07 ,08 ,09 [E1-1-148]",3,,,67,70,4.69
교양선택,전학년,0922015-01,세계의지리,윤현위,"월01 ,02 ,03 [E1-2-413(81-413)]",3,,,33,40,4.75
교양선택,전학년,0922016-01,아동발달과부모교육,박보경,,3,,,1,126,0
교양선택,전학년,0922019-01,공업법규와창업,강봉희,"화01 ,02 ,03 [E8-2-101(45-101)]",3,,,33,200,3.75
교양선택,전학년,0922021-01,심리학개론,,,3,,,2,0,0
교양선택,전학년,0922022-01,현대정치와국제관계,김태환,"화07 ,08 ,09 [N15-242(57-242)]",3,,,47,70,0
교양선택,전학년,0922026-01,결혼과가족,김영희,"화02 ,03 ,04 [N20-1-115(62-115)]",3,,,86,110,3.48
교양선택,전학년,0922027-01,신용관리와 소비생활,김민정,"목02 ,03 ,04 [N20-1-115(62-115)]",3,,,99,100,4.8
교양선택,전학년,0922028-01,현대사회의 인권과 정의,김윤정,"수02 ,03 ,04 [N13-103(59-103)]",3,,,0,50,0
교양선택,전학년,0922030-01,쉽고 재미있는 회계,정원덕,"월07 ,08 ,09 [N13-401(59-401)]",3,,,11,60,5
교양선택,전학년,0922031-01,영화로 읽는 인권과 복지,김경은,"수06 ,07 ,08 [N18-112(64-112)]",3,,,34,80,0
교양선택,전학년,0922032-01,생활 속의 경제학,조택희,"수05 ,06 ,07 [N18-109(64-109)]",3,,,33,50,4.39
교양선택,전학년,0922033-01,성문화의 이해,김정내,"월02 ,03 ,04 [N13-103(59-103)]",3,,,50,50,4.8
교양선택,전학년,0922035-01,시민사회에서의 재산과 가족,최상회,"목07 ,08 ,09 [N13-303(59-303)]",3,,,46,50,4.62
교양선택,전학년,0922036-01,현대사회의 범죄와 형벌,홍진희,"목07 ,08 ,09 [E1-1-148]",3,,,60,70,4.69
교양선택,전학년,0922037-01,창업을 위한 기초 경영,정원덕,"화07 ,08 ,09 [N13-404(59-404)]",3,,,1,50,2
교양선택,전학년,0922038-01,시스템 사고와 창의,김상욱,월00 화00 수00 [가상강의실2],3,,,37,50,2.68
교양선택,전학년,0922041-01,"행복한 소비, 윤리소비",유현정,"화02 ,03 ,04 [N18-110]",3,,,2,80,4
교양선택,전학년,0922042-01,기업과 증권시장의 이해,이형철,"수06 ,07 ,08 [N14-404(56-404)]",3,,,25,50,4.43
교양선택,전학년,0922047-01,패션과 라이프,권수희,"화06 ,07 ,08 [N20-1-115(62-115)]",3,,,40,126,4.26
교양선택,전학년,0922048-01,한국의 지리와 삶,주뢰,"수06 ,07 ,08 [E1-2-413(81-413)]",3,,,3,40,5
교양선택,전학년,0922050-01,하우징 트렌드,이현정,"월06 ,07 ,08 [N20-1-115(62-115)]",3,,,77,126,0
교양선택,전학년,0922052-01,북한 사회의 이해,윤여령,"목06 ,07 ,08 [N15-242(57-242)]",3,,,33,70,3.75
교양선택,전학년,0922053-01,공업경영과 기업가정신,권혁조,"금01 ,02 ,03 [E8-10-104(508-104)]",3,,,11,100,0
교양선택,전학년,0922055-01,평화와 통일의 이해,이연호,"수06 ,07 ,08 [N15-171(57-171)]",3,,,64,100,4
교양선택,전학년,0922056-01,슬기로운 부동산 생활,김판기,"목07 ,08 ,09 [N14-105(56-105)]",3,,,30,50,0
교양선택,전학년,0922057-01,기업가정신과 지식재산,임달호,"화06 ,07 ,08 [N14-401(56-401)]",3,,,0,60,0
교양선택,전학년,0922058-01,조직경영과 인간행동의 이해,김찬중,"월06 ,07 ,08 [N13-101(59-101)]",3,,,0,100,0
교양선택,전학년,0931010-01,알기 쉬운 인문학과 자연과학의 만남,"강희택, 김도훈, 김영관, 김영철, 김진하, 김찬형, 김학수","수02 ,03 ,04 [N14-104(56-104)]",3,,,97,100,4.27
교양선택,전학년,0931011-01,지속가능한 사회를 위한 시민의 과학,신세인,"목01 ,02 ,03 [N14-104(56-104)]",3,,,11,106,0
교양선택,전학년,0931015-01,다양성 시대의 시민교육 실천,"길혜지, 변호승, 이종연, 장유진","수07 ,08 ,09 [N13-303(59-303)]",3,,,0,30,0
교양선택,전학년,0932027-01,국제개발협력의 이해,송양훈,"토01 ,02 ,03 [가상강의실2]",3,,,28,50,3.38
교양선택,전학년,0922012-02,일상생활의심리학,한유화,"화06 ,07 ,08 [N14-102(56-102)]",3,,,1,66,2.86
교양선택,전학년,0922014-02,생활과법,최상회,"화07 ,08 ,09 [E1-1-148]",3,,,68,70,4.52
교양선택,전학년,0922016-02,아동발달과부모교육,박보경,"목02 ,03 ,04 [E1-1-148]",3,,,95,126,4.83
교양선택,전학년,0922019-02,공업법규와창업,강봉희,"목01 ,02 ,03 [E8-2-101(45-101)]",3,,,33,200,3
교양선택,전학년,0922026-02,결혼과가족,정혜숙,"목02 ,03 ,04 [N15-171(57-171)]",3,,,17,110,3.7
교양선택,전학년,0922027-02,신용관리와 소비생활,곽민주,"월02 ,03 ,04 [N14-104(56-104)]",3,,,95,100,4.89
교양선택,전학년,0922033-02,성문화의 이해,박소영,"수04 ,05 ,06 [N14-205(56-205)]",3,,,45,50,4.21
교양선택,전학년,0922036-02,현대사회의 범죄와 형벌,김형석,"화05 ,06 ,07 [N13-121(59-121)]",3,,,1,70,4.29
교양선택,전학년,0922041-02,"행복한 소비, 윤리소비",김지혜,"월02 ,03 ,04 [N18-110]",3,,,79,80,4.6
교양선택,전학년,0922047-02,패션과 라이프,이고은,"목02 ,03 ,04 [N14-204(56-204)]",3,,,87,100,4.42
교양선택,전학년,0922012-03,일상생활의심리학,김영경,"목06 ,07 ,08 [N15-245(57-245)]",3,,,83,90,4.58
교양선택,전학년,0922014-03,생활과법,김윤정,"월02 ,03 ,04 [N13-403(59-403)]",3,,,50,70,4.17
교양선택,전학년,0922026-03,결혼과가족,박은주,"월02 ,03 ,04 [E1-1-148]",3,,,37,110,3.4
교양선택,전학년,0922027-03,신용관리와 소비생활,박영미,"목06 ,07 ,08 [N14-104(56-104)]",3,,,92,100,4.56
교양선택,전학년,0922036-03,현대사회의 범죄와 형벌,윤영석,"수07 ,08 ,09 [E1-1-148]",3,,,78,70,4.85
교양선택,전학년,0922047-03,패션과 라이프,"한현숙, 한현정","월02 ,03 ,04 [N14-105(56-105)]",3,,,0,100,0
교양선택,전학년,0922012-04,일상생활의심리학,김종대,"수02 ,03 ,04 [N15-245(57-245)]",3,,,36,90,3.68
교양선택,전학년,0922026-04,결혼과가족,유지아,"수02 ,03 ,04 [S21-4-246(92-246)]",3,,,70,110,4.53
교양선택,전학년,0922027-04,신용관리와 소비생활,박영미,"수02 ,03 ,04 [N13-121(59-121)]",3,,,90,100,4.61
교양선택,전학년,0922047-04,패션과 라이프,이유진,"목06 ,07 ,08 [N20-1-115(62-115)]",3,,,75,126,0
교양선택,전학년,0922012-05,일상생활의심리학,김종대,"수05 ,06 ,07 [N15-242(57-242)]",3,,,1,70,3.68
교양선택,전학년,0922027-05,신용관리와 소비생활,박영미,"수06 ,07 ,08 [N20-1-115(62-115)]",3,,,94,100,4.54
교양선택,전학년,0922027-06,신용관리와 소비생활,최홍철,"화02 ,03 ,04 [N14-204(56-204)]",3,,,102,100,4.84
교양선택,전학년,0922027-07,신용관리와 소비생활,한지형,"화06 ,07 ,08 [N14-104(56-104)]",3,,,1,100,3
교양선택,전학년,0922027-08,신용관리와 소비생활,김태은,"금02 ,03 ,04 [N20-1-115(62-115)]",3,,,98,100,4.78
교양선택,전학년,0922027-09,신용관리와 소비생활,김태은,"금06 ,07 ,08 [N20-1-115(62-115)]",3,,,92,100,4.78
교양선택,전학년,0923001-01,지구와환경,정원석,"화01 ,02 ,03 [S1-4-111(43-111)]",3,,,105,100,4.72
교양선택,전학년,0923003-01,물질세계의이해,양도현,"월01 ,02 ,03 [S1-2-202(41-202)]",3,,,0,50,0
교양선택,전학년,0923004-01,도시와건축,안대환,"화05 ,06 ,07 [E8-2-101(45-101)]",3,,,0,80,0
교양선택,전학년,0923005-01,식품과영양,현태선,"월02 ,03 ,04 [N20-1-115(62-115)]",3,,,37,80,3
교양선택,전학년,0923006-01,우주로의여행,김용기,"토01 ,02 ,03 [가상강의실1]",3,,,100,100,4.43
교양선택,전학년,0923008-01,알기 쉬운 우리 몸의 기능,"김영철, 김진하, 김찬형, 배기수, 최웅","목02 ,03 ,04 [N14-105(56-105)]",3,,,137,150,4.13
교양선택,전학년,0923010-01,인간과 생명,김상준,"화02 ,03 ,04 [S1-4-208(43-208)]",3,,,28,40,0
교양선택,전학년,0923011-01,4차산업/직업과 인체 뇌 기능의 생활 응용 융합 강좌,"김영철, 김진하, 김찬형, 정우현, 최웅","화02 ,03 ,04 [N14-104(56-104)]",3,,,3,100,4.64
교양선택,전학년,0923012-01,자연과 행복,연평식,"월06 ,07 ,08 [S21-4-246(92-246)]",3,,,2,80,2.33
교양선택,전학년,0923028-01,에너지와환경,김가현,"월06 ,07 ,08 [S1-4-111(43-111)]",3,,,71,80,4.83
교양선택,전학년,0923029-01,"숲으로 떠나는 건강여행, 산림치유",신원섭,"월10 ,11 ,12 [가상강의실2]",3,,,40,50,4.12
교양선택,전학년,0923032-01,자연과학의 융합적 이해,정진수,"화07 목02 ,03 [S1-4-111(43-111)]",3,,,6,315,0
교양선택,전학년,0923034-01,한국 지형 여행,김종연,목00 금00 토00 [가상강의실1],3,,,145,50,5
교양선택,전학년,0923037-01,아두이노 코딩 메이커 기초,조정호,"화08 ,09 ,10 [E8-8-206(51-206)]",3,,,22,40,0
교양선택,전학년,0923001-02,지구와환경,우주환,"화07 ,08 목07 [S1-3-203(42-203)]",3,,,1,60,4
교양선택,전학년,0923004-02,도시와건축,박상희,"목05 ,06 ,07 [E8-2-101(45-101)]",3,,,73,80,3.23
교양선택,전학년,0923005-02,식품과영양,김명숙,"수02 ,03 ,04 [N18-112(64-112)]",3,,,56,80,3.89
교양선택,전학년,0923005-03,식품과영양,장은경,"목05 ,06 ,07 [N18-110]",3,,,1,80,3.41
교양선택,전학년,0923005-04,식품과영양,김명숙,"목02 ,03 ,04 [N18-112(64-112)]",3,,,61,80,3.89
전공필수,2학년,4625001-01,지식재산권 개론,임광섭,"화06 ,07 ,08 [N14-405(56-405)]",3,,,23,60,5
전공필수,2학년,4625002-01,창의적 사고와 특허,민정임,"월06 ,07 ,08 [N14-405(56-405)]",3,,,10,60,4.33
전공필수,3학년,4625008-01,저작권 및 상표의 이해,임광섭,"수01 ,02 ,03 [N14-405(56-405)]",3,,,20,60,0
교양선택,전학년,0922043-01,근현대의 역사와 인물,이성우,"목01 ,02 ,03 [N15-171(57-171)]",3,,,98,100,4.86
교양선택,전학년,0922059-01,한자와 캘리그라피,봉인영,"화07 ,08 ,09 [N16-1-258(58-258)]",3,,,31,40,0
교양선택,전학년,0934008-01,축구의이론과실기,김상필,"금05 ,06 ,07 [N13-404(59-404)]",2,,,18,40,4
교양선택,전학년,0934009-01,농구의이론과실기,임용석,"화07 ,08 ,09 [N14-206(56-206)]",2,,,18,40,5
교양선택,전학년,0934010-01,테니스의이론과실기,김규석,"월05 ,06 ,07 [N13-404(59-404)]",2,,,17,40,4.25
교양선택,전학년,0934011-01,탁구의이론과실기,김세형,"금05 ,06 ,07 [N18-112(64-112)]",2,,,32,40,4.3
교양선택,전학년,0934012-01,배드민턴의이론과실기,이광진,"목07 ,08 ,09 [N13-401(59-401)]",2,,,33,40,5
교양선택,전학년,0934013-01,수영의이론과실기,김광명,"금05 ,06 ,07 [N14-206(56-206)]",2,,,26,37,4.38
교양선택,전학년,0934014-01,볼링의이론과실기,옥광,"수05 ,06 ,07 [N13-404(59-404)]",2,,,19,40,5
교양선택,전학년,0934017-01,생활속의호신술,최명,"화05 ,06 ,07 [N7-407]",2,,,33,40,4.69
교양선택,전학년,0934018-01,스쿼시의이론과실기,김현주,"목05 ,06 ,07 [N16-1-226(58-226)]",2,,,33,40,5
교양선택,전학년,0934019-01,골프스윙의 ABC,최종환,"화05 ,06 ,07 [N18-110]",2,,,0,35,0
교양선택,전학년,0934020-01,요가와 필라테스,엄석주,"월05 ,06 ,07 [N13-502(59-502)]",2,,,40,40,0
교양선택,전학년,0934011-02,탁구의이론과실기,박해원,"수05 ,06 ,07 [N13-401(59-401)]",2,,,14,40,4.67
교양선택,전학년,0934014-02,볼링의이론과실기,송주호,"화05 ,06 ,07 [N13-303(59-303)]",2,,,18,40,5
교양선택,전학년,0934014-03,볼링의이론과실기,송주호,"목05 ,06 ,07 [N13-404(59-404)]",2,,,0,40,5
교양선택,전학년,0921036-01,동양 고전 이야기,서대원,"월07 ,08 ,09 [N14-106(56-106)]",3,,,22,54,2.25
교양선택,전학년,0921037-01,문화로 보는 생활사,조혁연,"수05 ,06 ,07 [N14-105(56-105)]",3,,,95,100,4.5
교양선택,전학년,0921038-01,한국 속의 세계문화유산,전진국,"화06 ,07 ,08 [N13-101(59-101)]",3,,,0,80,3.46
교양선택,전학년,0921037-02,문화로 보는 생활사,이승민,"목02 ,03 ,04 [N13-121(59-121)]",3,,,88,80,4.56
교양선택,전학년,0921038-02,한국 속의 세계문화유산,강민식,"월06 ,07 ,08 [N16-1-125(58-125)]",3,,,72,80,3.5
교양선택,전학년,0921037-03,문화로 보는 생활사,이승민,"목06 ,07 ,08 [N13-121(59-121)]",3,,,79,80,4.56
교양선택,전학년,0923036-01,융합 기초 동역학,,,3,,,0,0,0
교양선택,전학년,0932014-01,기초일본어,권동현,"화01 ,02 [N14-704(56-704)]",2,,,69,70,4.57
교양선택,전학년,0932015-01,영어청취력,김순배,"화01 ,02 ,03 [N16-1-226(58-226)]",3,,,18,50,4.08
교양선택,전학년,0932016-01,영어회화,존 데이비드 부코비치,"목01 ,02 ,03 [N15-242(57-242)]",3,,,34,70,3.91
교양선택,전학년,0932017-01,실용영문법,박인규,"월06 ,07 ,08 [N16-1-225(58-225)]",3,,,12,40,3.96
교양선택,전학년,0932018-01,토익 듣기와 읽기,심지영,"월01 ,02 ,03 [N13-101(59-101)]",3,,,38,100,3.77
교양선택,전학년,0932022-01,집중 TOPIK II,지주연,"금02 ,03 ,04 [N14-102(56-102)]",3,,,3,66,0
교양선택,전학년,0932024-01,충북지역문화와 동아시아 문화교류,이평수,"월07 ,08 ,09 [N14-204(56-204)]",3,,,94,100,5
교양선택,전학년,0933007-01,특강한국사,김의환,"목06 ,07 ,08 [N14-702(56-702)]",3,,,17,54,3
교양선택,전학년,0933008-01,생활 속의 창업아이디어,김도형,"목01 ,02 ,03 [E8-10-104(508-104)]",3,,,55,50,5
교양선택,전학년,0933011-01,창업옴니버스,김태준,"수08 ,09 [E9-105A(학연105A)]",2,,,193,200,5
교양선택,전학년,0933012-01,영화로 영어공부하기,피터 맥 고완,"화06 ,07 ,08 [N13-103(59-103)]",3,,,0,50,3.3
교양선택,전학년,0933015-01,품질혁신과 생활혁신,김성홍,"화08 ,09 ,10 [N13-303(59-303)]",3,,,0,50,0
교양선택,전학년,0933016-01,코칭파워리더십,최성호,"목06 ,07 [E3-213(38-213)]",2,,,70,100,4.33
교양선택,전학년,0933017-01,진로탐색과 진로설정 인문사회계열,손수미,"화10 ,11 [가상강의실1]",2,,,214,500,4.29
교양선택,전학년,0933018-01,진로탐색과 진로설정 자연과학공학계열,손수미,"수10 ,11 [가상강의실1]",2,,,195,500,4
교양선택,전학년,0933019-01,직업과 사회진출 인문사회계열,김정우,"목10 ,11 [가상강의실1]",2,,,135,500,4.4
교양선택,전학년,0933020-01,직업과 사회진출 자연과학공학계열,정지선,"금10 ,11 [가상강의실1]",2,,,141,500,5
교양선택,전학년,0932014-02,기초일본어,이주용,"월02 ,03 [N14-704(56-704)]",2,,,20,70,3.74
교양선택,전학년,0932018-02,토익 듣기와 읽기,심지영,"수01 ,02 ,03 [N13-101(59-101)]",3,,,32,100,3.79
교양선택,전학년,0933007-02,특강한국사,조혁연,"화05 ,06 ,07 [N16-1-127(58-127)]",3,,,28,100,3.76
교양선택,전학년,0932014-03,기초일본어,윤혜민,"금02 ,03 [N14-108(56-108)]",2,,,0,50,3.13
교양선택,전학년,0932018-03,토익 듣기와 읽기,윤봉이,"화01 ,02 ,03 [N14-102(56-102)]",3,,,61,66,3.73
교양선택,전학년,0932018-04,토익 듣기와 읽기,윤봉이,"수01 ,02 ,03 [N14-102(56-102)]",3,,,31,66,3.73
교양선택,전학년,0941006-01,일반물리학및실험 I,방준혁,"화01 ,02 [S1-1-139(40-139)] 화03 목02 ,03 [S1-1-239(40-239)]",3,,,36,48,0
교양선택,전학년,0941009-01,일반화학 및 실험,정연환,"수01 ,02 [S1-2-201(41-201)] 목08 ,09 [S1-2-101(41-101)]",3,,,41,40,4.67
교양선택,전학년,0941010-01,일반화학및실험I,김종원,"월02 ,03 [S1-6-314(36-314)] 목01 ,02 [S1-6-206(36-206)]",3,,,45,40,5
교양선택,전학년,0941012-01,생물학및실험,주용성,"월08 ,09 [S1-2-307(41-307)] 수05 ,06 ,07 [S1-2-302(41-302)]",4,,,23,40,4.75
교양선택,전학년,0941013-01,일반생물학및실험I,조성진,"화08 ,09 [S1-2-308(41-308)] 수02 ,03 [S1-4-208(43-208)]",3,,,44,40,0
교양선택,전학년,0941015-01,일반지구과학및실험I,"박문재, 서용석","화07 ,08 목07 ,08 [S1-6-515(36-515)]",3,,,28,40,0
교양선택,전학년,0941017-01,맛보기 물리학 및 실험,한정호,"수05 ,06 ,07 [S1-2-306(41-306)] 목05 ,06 [S1-1-139(40-139)]",4,,,35,50,4.33
교양선택,전학년,0941020-01,웰빙시대의 생물산업,"서정욱, 신수정","수01 ,02 ,03 [S20-101]",3,,,1,100,3.18
교양선택,전학년,0941021-01,일반물리학의이해I,이인선,"화05 ,06 ,07 [E1-2-331(81-331)] 목02 ,03 [S1-2-207(41-207)]",4,,,31,50,4.43
교양선택,전학년,0941023-01,일반화학의이해I,강호웅,"월05 ,06 [S1-2-101(41-101)] 화02 ,03 수03 [E1-1-148]",4,,,31,40,0
교양선택,전학년,0941026-01,일반생물학의 이해 및 실험I,"김경환, 김상준, 박종석, 조성진","화06 [S1-4-208(43-208)] 수05 ,06 [S1-2-308(41-308)] 목08 ,09 [S1-4-208(43-208)]",4,,,43,40,0
교양선택,전학년,0941031-01,기초통계학,허태영,"수01 ,02 ,03 [S1-5-123(37-123)]",3,,,45,45,4
교양선택,전학년,0941006-02,일반물리학및실험 I,강병원,"화07 ,08 목07 [S1-1-239(40-239)] 목08 ,09 [S1-1-139(40-139)]",3,,,35,48,5
교양선택,전학년,0941009-02,일반화학 및 실험,전종석,"수01 ,02 [S1-2-202(41-202)] 목08 ,09 [S1-2-105(41-105)]",3,,,41,40,0
교양선택,전학년,0941010-02,일반화학및실험I,김남준,"수02 ,03 [S1-6-517(36-517)] 목05 ,06 [S1-6-205(36-205)]",3,,,35,40,0
교양선택,전학년,0941013-02,일반생물학및실험I,강규호,"화02 ,03 [S1-2-301(41-301)] 수07 ,08 [S1-2-308(41-308)]",3,,,39,40,0
교양선택,전학년,0941015-02,일반지구과학및실험I,서경원,"화02 ,03 목05 ,06 [S1-4-415(43-415)]",3,,,31,40,0
교양선택,전학년,0941020-02,웰빙시대의 생물산업,이승욱,"토08 ,09 ,10 [S21-4-143(92-143)]",3,,,8,80,5
교양선택,전학년,0941031-02,기초통계학,김주성,"월02 ,03 수05 [S1-5-123(37-123)]",3,,,39,45,1.73
교양선택,전학년,0941006-03,일반물리학및실험 I,유영상,"수01 ,02 [S1-1-139(40-139)] 수03 목08 ,09 [S1-1-239(40-239)]",3,,,38,48,0
교양선택,전학년,0941009-03,일반화학 및 실험,강광철,"목05 ,06 [S1-2-105(41-105)] 목07 ,08 [S1-3-202(42-202)]",3,,,35,40,3.2
교양선택,전학년,0941010-03,일반화학및실험I,김기태,"화08 ,09 [S1-6-205(36-205)] 수02 ,03 [S1-6-518(36-518)]",3,,,35,40,0
교양선택,전학년,0941013-03,일반생물학및실험I,김경환,"수02 ,03 [S1-6-210(36-210)] 금02 ,03 [S1-2-307(41-307)]",3,,,38,40,0
교양선택,전학년,0941031-03,기초통계학,정연수,"화02 ,03 목03 [S1-6-516(36-516)]",3,,,44,45,0
교양선택,전학년,0941006-04,일반물리학및실험 I,강현구,"월01 ,02 ,03 [S1-1-239(40-239)] 수02 ,03 [S1-1-127(40-127)]",3,,,31,48,0
교양선택,전학년,0941009-04,일반화학 및 실험,김주천,"화02 ,03 [S1-2-306(41-306)] 금01 ,02 [S1-2-105(41-105)]",3,,,37,40,3.25
교양선택,전학년,0941010-04,일반화학및실험I,박재우,"월02 ,03 [S1-6-205(36-205)] 월06 ,07 [S1-6-516(36-516)]",3,,,32,40,0
교양선택,전학년,0941013-04,일반생물학및실험I,홍완표,"월02 ,03 [S1-2-302(41-302)] 수05 ,06 [S1-2-307(41-307)]",3,,,32,40,1
교양선택,전학년,0941031-04,기초통계학,김덕기,"목01 ,02 ,03 [S2-101(32-101)]",3,,,55,45,4.79
교양선택,전학년,0941006-05,일반물리학및실험 I,김석성,"수02 ,03 [E8-7-235(50-235)] 목01 ,02 [S1-1-127(40-127)] 목03 [S1-2-301(41-301)]",3,,,38,48,4.5
교양선택,전학년,0941010-05,일반화학및실험I,김민,"월02 ,03 [S1-6-206(36-206)] 수02 ,03 [S1-6-516(36-516)]",3,,,30,40,4.5
교양선택,전학년,0941013-05,일반생물학및실험I,홍승현,"화08 ,09 [S1-2-307(41-307)] 목02 ,03 [S1-5-123(37-123)]",3,,,37,40,0
교양선택,전학년,0941031-05,기초통계학,이성원,"금01 ,02 [S1-5-123(37-123)] 금03 [S2-101(32-101)]",3,,,43,45,4.82
교양선택,전학년,0941006-06,일반물리학및실험 I,이연의,"수01 ,02 ,03 [S1-2-104(41-104)] 목02 ,03 [S1-1-139(40-139)]",3,,,29,48,0
교양선택,전학년,0941010-06,일반화학및실험I,이남수,"월05 ,06 [S1-2-305(41-305)] 월07 ,08 [S1-2-101(41-101)]",3,,,34,40,1.75
교양선택,전학년,0941013-06,일반생물학및실험I,홍승현,"수02 ,03 [S1-2-308(41-308)] 목05 ,06 [S1-5-123(37-123)]",3,,,29,40,0
교양선택,전학년,0941006-07,일반물리학및실험 I,이해원,"화05 ,06 ,07 [E8-7-235(50-235)] 수08 ,09 [S1-2-207(41-207)]",3,,,26,48,3
교양선택,전학년,0941010-07,일반화학및실험I,양도현,"월05 ,06 [S1-2-302(41-302)] 월07 ,08 [S1-2-105(41-105)]",3,,,34,40,4
교양선택,전학년,0941013-07,일반생물학및실험I,전정선,"수05 ,06 [S1-2-104(41-104)] 목02 ,03 [S1-2-308(41-308)]",3,,,29,40,0
교양선택,전학년,0941006-08,일반물리학및실험 I,강희재,"화05 ,06 ,07 [S1-2-302(41-302)] 수08 ,09 [S1-1-127(40-127)]",3,,,30,48,5
교양선택,전학년,0941010-08,일반화학및실험I,윤현기,"월05 ,06 [S1-4-208(43-208)] 월07 ,08 [S1-6-206(36-206)]",3,,,35,40,2.27
교양선택,전학년,0941013-08,일반생물학및실험I,김두일,"월06 ,07 [S1-2-307(41-307)] 목02 ,03 [S1-2-302(41-302)]",3,,,34,40,4.56
교양선택,전학년,0941006-09,일반물리학및실험 I,김강배,"화06 ,07 [S1-2-301(41-301)] 수05 [E8-7-141(50-141)] 수06 ,07 [S1-1-127(40-127)]",3,,,43,48,5
교양선택,전학년,0941010-09,일반화학및실험I,김철재,"화02 ,03 [S1-6-517(36-517)] 목01 ,02 [S1-6-205(36-205)]",3,,,37,40,0
교양선택,전학년,0941013-09,일반생물학및실험I,전정선,"화06 ,07 [S1-2-307(41-307)] 수07 ,08 [S1-2-104(41-104)]",3,,,34,40,0
교양선택,전학년,0941006-10,일반물리학및실험 I,김성원,"화06 ,07 [S1-2-104(41-104)] 수05 [E8-2-201(45-201)] 수06 ,07 [S1-1-139(40-139)]",3,,,41,48,4
교양선택,전학년,0941010-10,일반화학및실험I,손운용,"월07 ,08 [S1-6-205(36-205)] 수02 ,03 [S1-6-519(36-519)]",3,,,36,40,0
교양선택,전학년,0941013-10,일반생물학및실험I,홍완표,"월08 ,09 [S1-2-104(41-104)] 화02 ,03 [S1-2-307(41-307)]",3,,,40,40,1
교양선택,전학년,0941006-11,일반물리학및실험 I,유영상,"화05 ,06 [S1-1-139(40-139)] 수05 ,06 ,07 [S1-1-239(40-239)]",3,,,39,48,0
교양선택,전학년,0941010-11,일반화학및실험I,윤현기,"화05 ,06 [S1-3-202(42-202)] 수05 ,06 [S1-2-101(41-101)]",3,,,31,40,2.27
교양선택,전학년,0941013-11,일반생물학및실험I,이혜연,"월08 ,09 [S1-2-308(41-308)] 수07 ,08 [S1-2-301(41-301)]",3,,,33,40,4.22
교양선택,전학년,0941006-12,일반물리학및실험 I,신현준,"월01 ,02 [S1-1-127(40-127)] 월03 목02 ,03 [S1-3-203(42-203)]",3,,,43,48,0
교양선택,전학년,0941010-12,일반화학및실험I,박준희,"월05 ,06 [S1-2-105(41-105)] 화06 ,07 [S1-6-210(36-210)]",3,,,34,40,3.33
교양선택,전학년,0941013-12,일반생물학및실험I,김상준,"월02 ,03 [S1-2-308(41-308)] 수02 ,03 [S1-2-306(41-306)]",3,,,37,40,0
교양선택,전학년,0941006-13,일반물리학및실험 I,김원섭,"월01 ,02 [S1-1-139(40-139)] 월03 [S1-2-201(41-201)] 목02 ,03 [S1-2-202(41-202)]",3,,,40,48,1
교양선택,전학년,0941010-13,일반화학및실험I,강한영,"월05 ,06 [S1-6-210(36-210)] 화05 ,06 [S1-2-101(41-101)]",3,,,30,40,1.67
교양선택,전학년,0941013-13,일반생물학및실험I,김두일,"월02 ,03 [S1-2-307(41-307)] 목06 ,07 [S1-2-302(41-302)]",3,,,40,40,4
교양선택,전학년,0941006-14,일반물리학및실험 I,김도언,"월05 ,06 화04 [S1-2-202(41-202)] 화05 ,06 [S1-1-127(40-127)]",3,,,38,48,4.6
교양선택,전학년,0941010-14,일반화학및실험I,김준우,"화06 ,07 [S1-6-517(36-517)] 수05 ,06 [S1-6-205(36-205)]",3,,,31,40,0
교양선택,전학년,0941013-14,일반생물학및실험I,김성한,"월05 ,06 [S1-2-308(41-308)] 수05 ,06 [S1-2-305(41-305)]",3,,,37,40,4.8
교양선택,전학년,0941006-15,일반물리학및실험 I,김기웅,"화07 [S1-2-305(41-305)] 화08 ,09 [S1-1-127(40-127)] 목05 ,06 [S1-2-305(41-305)]",3,,,35,48,0
교양선택,전학년,0941010-15,일반화학및실험I,이남수,"화05 ,06 [S1-2-305(41-305)] 화07 ,08 [S1-2-101(41-101)]",3,,,25,40,0
교양선택,전학년,0941013-15,일반생물학및실험I,김성한,"화05 ,06 [S1-2-308(41-308)] 수02 ,03 [S1-2-301(41-301)]",3,,,53,40,4.8
교양선택,전학년,0941006-16,일반물리학및실험 I,김경완,"화05 ,06 [S1-2-207(41-207)] 화07 금06 ,07 [S1-2-306(41-306)]",3,,,37,48,0
교양선택,전학년,0941010-16,일반화학및실험I,강광철,"화02 ,03 [S1-6-205(36-205)] 수05 ,06 [S1-4-208(43-208)]",3,,,34,40,3.8
교양선택,전학년,0941006-17,일반물리학및실험 I,김경호,"수02 ,03 [S1-2-207(41-207)] 목05 ,06 ,07 [E8-2-201(45-201)]",3,,,34,48,0
교양선택,전학년,0941010-17,일반화학및실험I,김주천,"화05 ,06 [E8-2-201(45-201)] 화07 ,08 [S1-2-105(41-105)]",3,,,35,40,3.67
교양선택,전학년,0941006-18,일반물리학및실험 I,이현석,"화06 ,07 ,08 [S1-2-201(41-201)] 수06 ,07 [S1-2-207(41-207)]",3,,,31,48,3.33
교양선택,전학년,0941010-18,일반화학및실험I,신재섭,"월03 ,04 [S1-4-208(43-208)] 목06 ,07 [S1-6-206(36-206)]",3,,,40,40,3
교양선택,전학년,0941006-19,일반물리학및실험 I,임은지,"수08 ,09 목05 [S1-2-205(41-205)] 목06 ,07 [S1-1-127(40-127)]",3,,,35,48,2
교양선택,전학년,0941010-19,일반화학및실험I,양민오,"화02 ,03 [S1-6-210(36-210)] 화08 ,09 [S1-6-206(36-206)]",3,,,41,40,1.64
교양선택,전학년,0941006-20,일반물리학및실험 I,김경섭,"수07 [S1-2-205(41-205)] 수08 ,09 [S1-2-302(41-302)] 목08 ,09 [S1-1-127(40-127)]",3,,,43,48,0
교양선택,전학년,0941010-20,일반화학및실험I,박준성,"화01 ,02 [E8-10-103(508-103)] 수06 ,07 [S1-6-206(36-206)]",3,,,36,40,0
교양선택,전학년,0941006-21,일반물리학및실험 I,한정호,"월02 ,03 [S1-2-207(41-207)] 목07 ,08 ,09 [S1-2-104(41-104)]",3,,,39,48,3.33
교양선택,전학년,0941010-21,일반화학및실험I,강성민,"월05 ,06 [S1-3-202(42-202)] 화05 ,06 [S1-6-205(36-205)]",3,,,30,40,4
교양선택,전학년,0941006-22,일반물리학및실험 I,박혜연,"월05 ,06 금01 [S1-1-239(40-239)] 금02 ,03 [S1-1-139(40-139)]",3,,,33,48,0
교양선택,전학년,0941010-22,일반화학및실험I,유희수,"화05 ,06 [S1-6-516(36-516)] 수02 ,03 [S1-2-101(41-101)]",3,,,33,40,5
교양선택,전학년,0941006-23,일반물리학및실험 I,민병준,"월02 [S1-2-305(41-305)] 월03 ,04 [S1-1-127(40-127)] 수08 ,09 [S1-2-305(41-305)]",3,,,36,48,5
교양선택,전학년,0941010-23,일반화학및실험I,정연환,"수07 ,08 [S1-6-205(36-205)] 목05 ,06 [S1-4-208(43-208)]",3,,,31,40,3
교양선택,전학년,0941006-24,일반물리학및실험 I,정진수,"화05 ,06 수05 [S1-3-203(42-203)] 수08 ,09 [S1-1-139(40-139)]",3,,,24,48,1
교양선택,전학년,0941010-24,일반화학및실험I,전종석,"수07 ,08 [S1-2-101(41-101)] 목05 ,06 [S1-3-202(42-202)]",3,,,29,40,4.45
교양선택,전학년,0941006-25,일반물리학및실험 I,김경섭,"목05 ,06 [S1-1-239(40-239)] 금01 ,02 [S1-1-127(40-127)] 금03 [S1-1-239(40-239)]",3,,,43,48,0
교양선택,전학년,0941010-25,일반화학및실험I,김준우,"화02 ,03 [S1-6-206(36-206)] 목02 ,03 [S1-4-208(43-208)]",3,,,45,40,0
교양선택,전학년,0941001-01,수학,강보원,"화08 목07 ,08 [S1-2-301(41-301)]",3,,,37,40,4.2
교양선택,전학년,0941002-01,수학I,지운식,"월06 ,07 목05 [S1-1-427(40-427)]",3,,,31,40,3
교양선택,전학년,0941003-01,수학II,윤상민,"금01 ,02 ,03 [S1-2-201(41-201)]",3,,,27,40,2.5
교양선택,전학년,0941004-01,기초대학수학*,김겸순,"월10 ,11 ,12 [S1-1-427(40-427)]",0,,,35,40,5
교양선택,전학년,0941001-02,수학,미지정,"월07 목02 ,03 [S1-2-205(41-205)]",3,,,5,40,0
교양선택,전학년,0941002-02,수학I,박병도,"월02 목02 ,03 [S1-2-201(41-201)]",3,,,32,40,0
교양선택,전학년,0941004-02,기초대학수학*,한유두,"화10 ,11 ,12 [S1-1-427(40-427)]",0,,,42,40,0
교양선택,전학년,0941002-03,수학I,김은희,"화06 ,07 목07 [S1-2-205(41-205)]",3,,,35,40,4.5
교양선택,전학년,0941002-04,수학I,박정희,"월06 ,07 화06 [S1-5-123(37-123)]",3,,,36,40,3.6
교양선택,전학년,0941002-05,수학I,윤재헌,"월05 ,06 화05 [S1-2-104(41-104)]",3,,,32,40,0
교양선택,전학년,0941002-06,수학I,정대웅,"월08 ,09 수06 [S1-2-205(41-205)]",3,,,30,40,0
교양선택,전학년,0941002-07,수학I,윤상민,"월08 ,09 목05 [S1-2-201(41-201)]",3,,,34,40,3
교양선택,전학년,0941002-08,수학I,이석종,"수03 금02 ,03 [S1-1-427(40-427)]",3,,,26,40,0
교양선택,전학년,0941002-09,수학I,이석종,"화02 목02 ,03 [S1-1-427(40-427)]",3,,,24,40,0
교양선택,전학년,0941002-10,수학I,금상호,"화05 수02 ,03 [E1-1-140(82-140)]",3,,,25,40,0
교양선택,전학년,0941002-11,수학I,염성준,"월02 ,03 수05 [S1-2-301(41-301)]",3,,,38,40,5
교양선택,전학년,0941002-12,수학I,박정희,"월02 ,03 수05 [S1-2-205(41-205)]",3,,,34,40,3.6
교양선택,전학년,0941002-13,수학I,이은정,"화02 ,03 수05 [S1-3-202(42-202)]",3,,,27,40,0
교양선택,전학년,0941002-14,수학I,김선광,"화06 ,07 수05 [S1-2-202(41-202)]",3,,,38,40,3.5
교양선택,전학년,0941002-15,수학I,최진필,"월02 ,03 화02 [S1-2-104(41-104)]",3,,,36,40,5
교양선택,전학년,0941002-16,수학I,심호진,"목06 ,07 ,08 [S1-2-201(41-201)]",3,,,35,40,0
교양선택,전학년,0941002-17,수학I,최은애,"월06 수07 ,08 [S1-2-201(41-201)]",3,,,28,40,5
교양선택,전학년,0941002-18,수학I,양창훈,"월05 수05 ,06 [S1-2-201(41-201)]",3,,,33,40,0
교양선택,전학년,0941002-19,수학I,박정준,"수01 ,02 ,03 [E8-2-201(45-201)]",3,,,36,40,0
교양선택,전학년,0941002-20,수학I,정태은,"수03 목02 ,03 [S1-2-305(41-305)]",3,,,30,40,4.33
교양선택,전학년,0941002-21,수학I,류미수,"수03 목02 ,03 [S1-3-202(42-202)]",3,,,33,40,0
교양선택,전학년,0941002-22,수학I,김상욱,"화03 수02 ,03 [S1-2-302(41-302)]",3,,,37,40,3.5
교양선택,전학년,0941002-23,수학I,김진이,"화03 수02 ,03 [S1-3-203(42-203)]",3,,,38,40,5
교양선택,전학년,0941002-24,수학I,이영옥,"화02 ,03 수03 [S1-2-201(41-201)]",3,,,30,40,3.67
교양선택,전학년,0941002-25,수학I,엄연석,"화02 ,03 수03 [S1-2-202(41-202)]",3,,,26,40,3.56
교양선택,전학년,0941002-26,수학I,염성준,"화02 ,03 수03 [E8-7-141(50-141)]",3,,,35,40,5
교양선택,전학년,0941002-27,수학I,이은정,"수08 목05 ,06 [S1-2-202(41-202)]",3,,,35,40,0
교양선택,전학년,0941002-28,수학I,엄연석,"수02 금01 ,02 [S1-2-305(41-305)]",3,,,34,40,3.5
교양선택,전학년,0941002-29,수학I,최진필,"수02 금01 ,02 [S1-3-202(42-202)]",3,,,37,40,5
교양선택,전학년,0941002-30,수학I,피영진,"목07 금06 ,07 [S1-2-202(41-202)]",3,,,38,40,0
교양선택,전학년,0934006-01,합창,박미경,"월05 ,06 ,07 [S21-4-146(92-146)]",3,,,31,70,3.76
교양선택,전학년,0934006-02,합창,박광우,"월01 ,02 ,03 [S21-4-146(92-146)]",3,,,69,70,4.89
교양선택,전학년,0934006-03,합창,허성희,"화01 ,02 ,03 [S21-4-146(92-146)]",3,,,72,70,4.54
교양선택,전학년,0934006-04,합창,김지영,"목02 ,03 ,04 [S21-4-146(92-146)]",3,,,77,70,4.79
교양선택,전학년,0934006-05,합창,백은경,"수05 ,06 ,07 [S21-4-146(92-146)]",3,,,62,70,3.42
교직필수,전학년,7400090-01,산업체 현장실습,이철우,"토00 ,01 ,02 ,03 [가상강의실]",0,,,1,200,0
교직필수,전학년,7400501-01,교육학개론,이동윤,"목04 ,05 [E1-2-331(81-331)]",2,,,34,30,4.86
교직필수,전학년,7400502-01,교육심리,장유진,"화02 ,03 [N14-106(56-106)]",2,,,26,30,4.68
교직필수,전학년,7400503-01,교육사회,김영철,"화01 ,02 [N14-202(56-202)]",2,,,25,30,4.38
교직필수,전학년,7400504-01,교육철학및교육사,서범종,"목06 ,07 [N14-203(56-203)]",2,,,32,30,4
교직필수,전학년,7400506-01,교육방법및교육공학,변호승,"목08 ,09 [E1-2-212(81-212)]",2,,,26,30,3.6
교직필수,전학년,7400507-01,교육행정 및 교육경영,이정미,"목06 ,07 [N14-106(56-106)]",2,,,29,30,4.36
교직필수,전학년,7400508-01,교육과정,김광민,"수02 ,03 [N14-201(56-201)]",2,,,22,30,4.22
교직필수,전학년,7400509-01,교육평가,길혜지,"수01 ,02 [E1-2-212(81-212)]",2,,,31,30,4.47
교직필수,전학년,7400511-01,교직실무,박동환,"월07 ,08 [N14-203(56-203)]",2,,,27,30,3.27
교직필수,전학년,7400514-01,교육봉사,변호승,"토00 ,01 ,02 ,03 [가상강의실]",2,,,73,300,0
교직필수,전학년,7400515-01,생활지도 및 상담,이종연,"목07 ,08 [N14-201(56-201)]",2,,,15,30,3.36
교직필수,전학년,7400516-01,특수교육학개론,박현주,"화02 ,03 [N14-103(56-103)]",2,,,15,30,4.25
교직필수,전학년,7400519-01,학교폭력 예방 및 학생의 이해,김서이,"화02 ,03 [N14-203(56-203)]",2,,,24,30,4.79
교직필수,전학년,7400653-01,교육실습Ⅱ,장유진,월00 화00 수00 목00 [N13-301-2(59-301-2)],2,,,4,40,0
교직필수,전학년,7400655-01,교육실습Ⅱ,변호승,"토04 ,05 ,06 ,07 [가상강의실]",2,,,39,200,0
교직,전학년,9100004-01,교육의사회적기초,곽태진,"07.14(목) 07 ,08 ,09 07.15(금) 07 ,08 ,09 07.18(월) 07 ,08 ,09 07.19(화) 07 ,08 ,09 07.20(수) 07 ,08 ,09 07.21(목) 07 ,08 ,09 07.22(금) 07 ,08 ,09 07.25(월) 07 ,08 ,09 07.26(화) 07 ,08 ,09 07.27(수) 07 ,08 ,09 07.28(목) 07 ,08 ,09 07.29(금) 07 ,08 ,09 08.01(월) 07 ,08",3,,,1,0,0
교직필수,전학년,7400090-02,산업체 현장실습,강문희,"토08 ,09 ,10 ,11 [가상강의실]",0,,,2,200,0
교직필수,전학년,7400501-02,교육학개론,이동윤,"목06 ,07 [E1-2-331(81-331)]",2,,,32,30,4.86
교직필수,전학년,7400502-02,교육심리,장용희,"화02 ,03 [N7-406]",2,,,18,30,3.44
교직필수,전학년,7400503-02,교육사회,김영철,"화07 ,08 [N14-202(56-202)]",2,,,29,30,4.4
교직필수,전학년,7400504-02,교육철학및교육사,최승현,"화02 ,03 [N14-107(56-107)]",2,,,28,30,4.83
교직필수,전학년,7400506-02,교육방법및교육공학,변호승,"금02 ,03 [E1-2-212(81-212)]",2,,,28,30,3.57
교직필수,전학년,7400507-02,교육행정 및 교육경영,우영옥,"수08 ,09 [N14-202(56-202)]",2,,,35,30,4.33
교직필수,전학년,7400508-02,교육과정,진영석,"목02 ,03 [N14-202(56-202)]",2,,,24,30,3.38
교직필수,전학년,7400509-02,교육평가,이진실,"금07 ,08 [E1-2-212(81-212)]",2,,,30,30,4.86
교직필수,전학년,7400511-02,교직실무,박동환,"월09 ,10 [N14-203(56-203)]",2,,,11,30,3.27
교직필수,전학년,7400515-02,생활지도 및 상담,김복미,"금02 ,03 [N14-202(56-202)]",2,,,30,30,4.2
교직필수,전학년,7400516-02,특수교육학개론,박현주,"화05 ,06 [N14-103(56-103)]",2,,,1,30,4.25
교직필수,전학년,7400519-02,학교폭력 예방 및 학생의 이해,김서이,"화05 ,06 [N14-203(56-203)]",2,,,27,30,4.79
교직필수,전학년,7400653-02,교육실습Ⅱ,하윤섭,"토04 ,05 ,06 ,07 [가상강의실]",2,,,23,40,0
교직필수,전학년,7400502-03,교육심리,장용희,"화05 ,06 [N7-406]",2,,,18,30,3.44
교직필수,전학년,7400503-03,교육사회,김재영,"화06 ,07 [N14-106(56-106)]",2,,,13,30,2.3
교직필수,전학년,7400504-03,교육철학및교육사,이동윤,"목08 ,09 [E1-2-331(81-331)]",2,,,30,30,4.87
교직필수,전학년,7400506-03,교육방법및교육공학,김미정,"목02 ,03 [E1-2-331(81-331)]",2,,,33,30,3.97
교직필수,전학년,7400507-03,교육행정 및 교육경영,심현기,"월08 ,09 [N14-202(56-202)]",2,,,27,30,5
교직필수,전학년,7400508-03,교육과정,진영석,"목05 ,06 [N14-202(56-202)]",2,,,25,30,3.37
교직필수,전학년,7400509-03,교육평가,조시정,"화05 ,06 [E1-2-212(81-212)]",2,,,15,30,0
교직필수,전학년,7400511-03,교직실무,반채익,"화08 ,09 [N14-701(56-701)]",2,,,0,30,0
교직필수,전학년,7400515-03,생활지도 및 상담,김선례,"월03 ,04 [N14-202(56-202)]",2,,,27,30,2.74
교직필수,전학년,7400516-03,특수교육학개론,박현주,"화07 ,08 [N14-103(56-103)]",2,,,3,30,4.25
교직필수,전학년,7400519-03,학교폭력 예방 및 학생의 이해,김서이,"화07 ,08 [N14-203(56-203)]",2,,,20,30,4.79
교직필수,전학년,7400653-03,교육실습Ⅱ,한광택,"토04 ,05 ,06 ,07 [가상강의실]",2,,,16,40,0
교직필수,전학년,7400502-04,교육심리,장용희,"화07 ,08 [N7-406]",2,,,3,30,3.44
교직필수,전학년,7400503-04,교육사회,김재영,"화08 ,09 [N14-106(56-106)]",2,,,11,30,2.3
교직필수,전학년,7400506-04,교육방법및교육공학,이선아,"수02 ,03 [N14-202(56-202)]",2,,,28,30,5
교직필수,전학년,7400507-04,교육행정 및 교육경영,김지연,"화08 ,09 [N14-107(56-107)]",2,,,27,30,4
교직필수,전학년,7400508-04,교육과정,진영석,"목07 ,08 [N14-202(56-202)]",2,,,17,30,3.38
교직필수,전학년,7400509-04,교육평가,조시정,"화07 ,08 [E1-2-212(81-212)]",2,,,6,30,0
교직필수,전학년,7400511-04,교직실무,조옥선,"목08 ,09 [N14-203(56-203)]",2,,,14,30,0
교직필수,전학년,7400515-04,생활지도 및 상담,김선례,"월05 ,06 [N14-202(56-202)]",2,,,27,30,2.82
교직필수,전학년,7400516-04,특수교육학개론,이미애,"화02 ,03 [N14-201(56-201)]",2,,,13,30,4.56
교직필수,전학년,7400519-04,학교폭력 예방 및 학생의 이해,김연중,"수02 ,03 [N14-203(56-203)]",2,,,23,30,4.61
교직필수,전학년,7400653-04,교육실습Ⅱ,이정빈,"토04 ,05 ,06 ,07 [가상강의실]",2,,,6,40,0
교직필수,전학년,7400507-05,교육행정 및 교육경영,김희성,"월02 ,03 [E1-2-331(81-331)]",2,,,31,30,5
교직필수,전학년,7400511-05,교직실무,이규환,"목10 ,11 [N14-202(56-202)]",2,,,24,30,0
교직필수,전학년,7400516-05,특수교육학개론,이미애,"화05 ,06 [N14-201(56-201)]",2,,,16,30,4.56
교직필수,전학년,7400519-05,학교폭력 예방 및 학생의 이해,김연중,"수05 ,06 [N14-203(56-203)]",2,,,27,30,4.61
교직필수,전학년,7400653-05,교육실습Ⅱ,이재열,"토04 ,05 ,06 ,07 [가상강의실]",2,,,17,40,0
교직필수,전학년,7400511-06,교직실무,이상명,"수11 ,12 [N14-202(56-202)]",2,,,11,30,0
교직필수,전학년,7400516-06,특수교육학개론,이미애,"화07 ,08 [N14-201(56-201)]",2,,,14,30,4.56
교직필수,전학년,7400519-06,학교폭력 예방 및 학생의 이해,김연중,"수07 ,08 [N14-203(56-203)]",2,,,23,30,4.6
교직필수,전학년,7400653-06,교육실습Ⅱ,오연주,"토04 ,05 ,06 ,07 [가상강의실]",2,,,7,40,0
교직필수,전학년,7400511-07,교직실무,남기엽,"목07 ,08 [N14-206(56-206)]",2,,,7,30,0
교직필수,전학년,7400653-07,교육실습Ⅱ,김연숙,"토04 ,05 ,06 ,07 [가상강의실]",2,,,9,40,0
교직필수,전학년,7400653-08,교육실습Ⅱ,이희정,"토04 ,05 ,06 ,07 [가상강의실]",2,,,10,40,0
교직필수,전학년,7400653-09,교육실습Ⅱ,한재영,"토04 ,05 ,06 ,07 [가상강의실]",2,,,9,40,0
교직필수,전학년,7400653-10,교육실습Ⅱ,이재권,"토04 ,05 ,06 ,07 [가상강의실]",2,,,23,40,0
교직필수,전학년,7400653-11,교육실습Ⅱ,형식,"토04 ,05 ,06 ,07 [가상강의실]",2,,,10,40,0
교직필수,전학년,7400653-12,교육실습Ⅱ,금상호,"토04 ,05 ,06 ,07 [가상강의실]",2,,,7,40,0
교직필수,전학년,7400653-13,교육실습Ⅱ,김현주,"토04 ,05 ,06 ,07 [가상강의실]",2,,,15,40,0
일반선택,1학년,0281013-01,해외인턴십 II,최성호,"월01 ,02 ,03 ,04 ,05 ,06 ,07 ,08 ,09 ,10 ,11 ,12 [E3-214(38-214)]",6,,,0,100,0
일반선택,1학년,0281014-01,해외인턴십III,최성호,"화01 ,02 ,03 ,04 ,05 ,06 ,07 ,08 ,09 수01 ,02 ,03 ,04 ,05 ,06 ,07 ,08 ,09 [E3-214(38-214)]",9,,,0,100,0
일반선택,1학년,0281015-01,해외인턴십IV,최성호,"수10 ,11 ,12 ,13 목01 ,02 ,03 ,04 ,05 ,06 ,07 ,08 ,09 ,10 ,11 ,12 ,13 금01 ,02 ,03 ,04 ,05 ,06 ,07 ,08 ,09 ,10 ,11 ,12 ,13 [E3-214(38-214)]",15,,,0,100,0
일반선택,1학년,0281023-01,인턴십 I,최성호,"월01 ,02 ,03 ,04 ,05 화01 ,02 ,03 ,04 ,05 수01 ,02 ,03 ,04 ,05 [E3-214(38-214)]",15,,,0,100,0
일반선택,1학년,0281024-01,인턴십 II,최성호,"토01 ,02 ,03 ,04 [E3-214(38-214)]",3,,,0,100,0
일반선택,4학년,6510118-01,인턴십 I,김용연,토00 [인턴십강의실01],15,,,1,10,0
일반선택,전학년,0280773-01,안보학,정승현,"목00 ,01 ,02 금00 ,01 ,02 [학군2]",3,,,34,80,0
일반선택,전학년,0280775-01,조직리더십,정승현,"목00 ,01 ,02 금00 ,01 ,02 [학군]",3,,,36,80,0
일반선택,전학년,0281021-01,사회봉사 I,김학실,"월05 ,06 [N15-171(57-171)]",1,,,119,350,4.82
일반선택,전학년,0281022-01,사회봉사 II,윤상용,"월08 ,09 [N15-171(57-171)]",2,,,59,350,4.89
일반선택,전학년,0281031-01,다문화사회의 이해,,,3,,,15,20,0
일반선택,전학년,0281032-01,소비문화,,,3,,,3,20,0
일반선택,전학년,0281034-01,글로벌· 다문화 사회와 미래교육,,,3,,,10,20,0
일반선택,전학년,0281036-01,평화사상과통일의길,,,2,,,19,20,5
일반선택,전학년,0281037-01,위험사회와 미래직업,,,3,,,13,20,0
일반선택,전학년,0281038-01,디지털 시대의 영상과 문화,,,3,,,21,20,5
일반선택,전학년,0281039-01,멀티미디어와 교육,,,3,,,12,20,0
일반선택,전학년,0281040-01,분쟁의 세계지리,,,3,,,14,20,0
일반선택,전학년,0281042-01,한옥개론,,,3,,,14,20,0
일반선택,전학년,0281045-01,4차 산업혁명과 수학,,,3,,,16,20,0
일반선택,전학년,0281046-01,심리학 START,,,3,,,26,20,5
일반선택,전학년,0281048-01,강원문화사,,,3,,,14,20,0
일반선택,전학년,0281049-01,바이오섬유소재화학,,,3,,,8,20,0
일반선택,전학년,0281050-01,서양고대철학,,,3,,,18,20,0
일반선택,전학년,0281051-01,화훼산업론,,,3,,,13,20,0
일반선택,전학년,0281052-01,중국고대철학,,,3,,,11,20,0
일반선택,전학년,0281053-01,창업의이해,,,2,,,14,20,0
일반선택,전학년,0281056-01,고사와 성어의 탐구,,,2,,,13,20,0
일반선택,전학년,0281057-01,무역실무,,,3,,,11,20,0
일반선택,전학년,0281058-01,프리젠테이션기법,,,2,,,14,20,0
일반선택,전학년,0281062-01,산업경영의이해,,,2,,,14,20,0
일반선택,전학년,0281063-01,인간커뮤니케이션,,,3,,,15,20,0
일반선택,전학년,0281064-01,도시개발론,,,3,,,14,20,0
일반선택,전학년,0281065-01,주거복지,,,3,,,10,20,0
